23,,10.15,1743807639.6388905
22,,10.15,1743807639.6388905
20,,10.15,1743807639.6388905
19,,10.15,1743807639.6388905
18,db: 50 by,10.15,1743807639.6388905
17,,10.15,1743807639.6388905
16,,10.15,1743807639.6388905
14,,10.15,1743807639.6388905
13,,10.15,1743807639.6388905
12,,10.15,1743807639.6388905
11,be,10.15,1743807639.6388905
10,,10.15,1743807639.6388905
9,,10.15,1743807639.6388905
24,,14.40,1743807644.2237105
23,,14.74,1743807644.2237105
22,,14.74,1743807644.2237105
20,,14.74,1743807644.2237105
19,,14.74,1743807644.2237105
18,,14.74,1743807644.2237105
17,,14.74,1743807644.2237105
16,,14.74,1743807644.2237105
14,,14.74,1743807644.2237105
13,,14.74,1743807644.2237105
12,,14.74,1743807644.2237105
11,by,14.74,1743807644.2237105
10,,14.74,1743807644.2237105
9,,14.74,1743807644.2237105
49,|,10.17,1743807647.3249063
46,,10.39,1743807647.3249063
44,,11.48,1743807647.3249063
38,,12.36,1743807647.3249063
37,,12.90,1743807647.3249063
24,,17.50,1743807647.3249063
23,,17.84,1743807647.3249063
22,,17.84,1743807647.3249063
20,,17.84,1743807647.3249063
19,,17.84,1743807647.3249063
18,40: 50),17.84,1743807647.3249063
17,,17.84,1743807647.3249063
16,,17.84,1743807647.3249063
14,,17.84,1743807647.3249063
13,,17.84,1743807647.3249063
12,,17.84,1743807647.3249063
11,,17.84,1743807647.3249063
10,,17.84,1743807647.3249063
9,,17.84,1743807647.3249063
57,,11.99,1743807651.3876996
54,,12.87,1743807651.3876996
53,a,13.72,1743807651.3876996
50,,13.28,1743807651.3876996
49,ar,14.24,1743807651.3876996
46,,14.45,1743807651.3876996
44,,15.54,1743807651.3876996
38,,16.42,1743807651.3876996
37,,16.97,1743807651.3876996
24,,21.57,1743807651.3876996
23,,21.90,1743807651.3876996
22,,21.90,1743807651.3876996
20,,21.90,1743807651.3876996
19,,21.90,1743807651.3876996
18,,21.90,1743807651.3876996
17,,21.90,1743807651.3876996
16,,21.90,1743807651.3876996
14,,21.90,1743807651.3876996
13,,21.90,1743807651.3876996
12,,21.90,1743807651.3876996
11,,21.90,1743807651.3876996
10,,21.90,1743807651.3876996
9,,21.90,1743807651.3876996
59,,12.11,1743807656.3343058
57,,16.94,1743807656.3343058
54,—,17.81,1743807656.3343058
53,,18.67,1743807656.3343058
50,,18.22,1743807656.3343058
49,os (2,19.18,1743807656.3343058
46,,19.40,1743807656.3343058
44,,20.49,1743807656.3343058
38,,21.37,1743807656.3343058
37,,21.91,1743807656.3343058
24,,26.51,1743807656.3343058
23,,26.85,1743807656.3343058
22,,26.85,1743807656.3343058
20,,26.85,1743807656.3343058
19,,26.85,1743807656.3343058
18,,26.85,1743807656.3343058
17,,26.85,1743807656.3343058
16,,26.85,1743807656.3343058
14,,26.85,1743807656.3343058
13,,26.85,1743807656.3343058
12,,26.85,1743807656.3343058
11,,26.85,1743807656.3343058
10,,26.85,1743807656.3343058
9,,26.85,1743807656.3343058
59,,18.94,1743807663.1669514
57,,23.77,1743807663.1669514
54,,24.65,1743807663.1669514
53,,25.50,1743807663.1669514
50,,25.06,1743807663.1669514
49,ate,26.01,1743807663.1669514
46,,26.23,1743807663.1669514
44,,27.32,1743807663.1669514
38,,28.20,1743807663.1669514
37,,28.75,1743807663.1669514
24,,33.35,1743807663.1669514
23,,33.68,1743807663.1669514
22,,33.68,1743807663.1669514
20,,33.68,1743807663.1669514
19,,33.68,1743807663.1669514
18,,33.68,1743807663.1669514
17,,33.68,1743807663.1669514
16,,33.68,1743807663.1669514
14,,33.68,1743807663.1669514
13,,33.68,1743807663.1669514
12,,33.68,1743807663.1669514
11,bs,33.68,1743807663.1669514
10,,33.68,1743807663.1669514
9,,33.68,1743807663.1669514
57,,30.20,1743807669.5921772
54,~",31.07,1743807669.5921772
50,,31.48,1743807669.5921772
49,,32.44,1743807669.5921772
46,,32.66,1743807669.5921772
44,,33.75,1743807669.5921772
38,,34.63,1743807669.5921772
37,,35.17,1743807669.5921772
24,,39.77,1743807669.5921772
23,,40.10,1743807669.5921772
22,,40.10,1743807669.5921772
20,,40.10,1743807669.5921772
19,,40.10,1743807669.5921772
18,,40.10,1743807669.5921772
17,,40.10,1743807669.5921772
16,,40.10,1743807669.5921772
14,1,40.10,1743807669.5921772
13,,40.10,1743807669.5921772
12,,40.10,1743807669.5921772
11,,40.10,1743807669.5921772
10,,40.10,1743807669.5921772
9,,40.10,1743807669.5921772
64,1,10.88,1743807674.0482495
57,,34.65,1743807674.0482495
54,,35.53,1743807674.0482495
50,,35.94,1743807674.0482495
49,,36.90,1743807674.0482495
46,,37.11,1743807674.0482495
44,,38.20,1743807674.0482495
38,,39.08,1743807674.0482495
37,,39.63,1743807674.0482495
24,,44.23,1743807674.0482495
22,,44.56,1743807674.0482495
20,,44.56,1743807674.0482495
19,,44.56,1743807674.0482495
18,,44.56,1743807674.0482495
17,,44.56,1743807674.0482495
16,,44.56,1743807674.0482495
14,,44.56,1743807674.0482495
13,,44.56,1743807674.0482495
12,—.,44.56,1743807674.0482495
11,=,44.56,1743807674.0482495
9,,44.56,1743807674.0482495
57,,38.86,1743807678.2586486
54,,39.74,1743807678.2586486
50,,40.15,1743807678.2586486
49,,41.11,1743807678.2586486
46,a 30 yi ,,41.32,1743807678.2586486
44,E - a,42.41,1743807678.2586486
38,,43.29,1743807678.2586486
37,,43.84,1743807678.2586486
24,Gam,48.44,1743807678.2586486
22,,48.77,1743807678.2586486
20,,48.77,1743807678.2586486
19,,48.77,1743807678.2586486
17,,48.77,1743807678.2586486
16,,48.77,1743807678.2586486
14,,48.77,1743807678.2586486
13,,48.77,1743807678.2586486
12,—,48.77,1743807678.2586486
11,,48.77,1743807678.2586486
9,,48.77,1743807678.2586486
57,,43.21,1743807682.600357
54,,44.08,1743807682.600357
50,,44.49,1743807682.600357
46,= f,45.66,1743807682.600357
44,,46.75,1743807682.600357
38,,47.63,1743807682.600357
37,,48.18,1743807682.600357
24,,52.78,1743807682.600357
22,,53.11,1743807682.600357
20,,53.11,1743807682.600357
19,,53.11,1743807682.600357
17,,53.11,1743807682.600357
16,,53.11,1743807682.600357
14,,53.11,1743807682.600357
13,,53.11,1743807682.600357
12,a,53.11,1743807682.600357
11,,53.11,1743807682.600357
9,,53.11,1743807682.600357
57,,47.23,1743807686.6227558
54,~~,48.10,1743807686.6227558
50,,48.51,1743807686.6227558
46,,49.69,1743807686.6227558
44,,50.78,1743807686.6227558
38,,51.66,1743807686.6227558
37,,52.20,1743807686.6227558
24,,56.80,1743807686.6227558
22,,57.14,1743807686.6227558
20,,57.14,1743807686.6227558
19,,57.14,1743807686.6227558
17,,57.14,1743807686.6227558
16,,57.14,1743807686.6227558
14,,57.14,1743807686.6227558
13,,57.14,1743807686.6227558
12,—a,57.14,1743807686.6227558
11,,57.14,1743807686.6227558
9,,57.14,1743807686.6227558
57,oe,,51.14,1743807690.5381567
54,,52.02,1743807690.5381567
50,,52.43,1743807690.5381567
46,,53.60,1743807690.5381567
44,,54.69,1743807690.5381567
38,,55.57,1743807690.5381567
37,,56.12,1743807690.5381567
24,,60.72,1743807690.5381567
22,,61.05,1743807690.5381567
20,,61.05,1743807690.5381567
19,,61.05,1743807690.5381567
17,,61.05,1743807690.5381567
16,,61.05,1743807690.5381567
14,,61.05,1743807690.5381567
13,,61.05,1743807690.5381567
12,—_,61.05,1743807690.5381567
11,,61.05,1743807690.5381567
9,,61.05,1743807690.5381567
57,,54.84,1743807694.237737
54,,55.72,1743807694.237737
50,,56.13,1743807694.237737
46,,57.30,1743807694.237737
44,,58.39,1743807694.237737
38,,59.27,1743807694.237737
37,,59.82,1743807694.237737
24,,64.42,1743807694.237737
22,,64.75,1743807694.237737
20,,64.75,1743807694.237737
19,,64.75,1743807694.237737
17,,64.75,1743807694.237737
16,,64.75,1743807694.237737
14,,64.75,1743807694.237737
13,,64.75,1743807694.237737
12,,64.75,1743807694.237737
11,,64.75,1743807694.237737
9,,64.75,1743807694.237737
57,,332.48,1743807971.8739789
54,,333.35,1743807971.8739789
50,,333.76,1743807971.8739789
46,,334.94,1743807971.8739789
44,,336.03,1743807971.8739789
38,,336.91,1743807971.8739789
37,,337.45,1743807971.8739789
24,,342.05,1743807971.8739789
22,,342.39,1743807971.8739789
20,on,342.39,1743807971.8739789
19,=,342.39,1743807971.8739789
17,,342.39,1743807971.8739789
16,,342.39,1743807971.8739789
14,,342.39,1743807971.8739789
13,,342.39,1743807971.8739789
12,ras,342.39,1743807971.8739789
11,,342.39,1743807971.8739789
9,,342.39,1743807971.8739789
57,,337.29,1743807976.6874433
54,,338.17,1743807976.6874433
50,,338.58,1743807976.6874433
46,,339.75,1743807976.6874433
44,,340.84,1743807976.6874433
38,,341.72,1743807976.6874433
37,,342.27,1743807976.6874433
24,ph,346.87,1743807976.6874433
22,,347.20,1743807976.6874433
20,,347.20,1743807976.6874433
19,,347.20,1743807976.6874433
17,,347.20,1743807976.6874433
16,,347.20,1743807976.6874433
14,,347.20,1743807976.6874433
13,,347.20,1743807976.6874433
12,yor,347.20,1743807976.6874433
11,,347.20,1743807976.6874433
9,,347.20,1743807976.6874433
57,,341.08,1743807980.4705153
54,,341.95,1743807980.4705153
50,,342.36,1743807980.4705153
46,,343.53,1743807980.4705153
44,,344.62,1743807980.4705153
38,,345.50,1743807980.4705153
37,,346.05,1743807980.4705153
24,,350.65,1743807980.4705153
3,,10.13,1743809293.4103982
3,,10.13,1743809293.4103982
2,,10.13,1743809293.4103982
2,,10.13,1743809293.4103982
3,,12.05,1743809295.3315947
3,,12.05,1743809295.3315947
2,,12.05,1743809295.3315947
2,,12.05,1743809295.3315947
3,,13.14,1743809296.425208
3,,13.14,1743809296.425208
2,,13.14,1743809296.425208
2,,13.14,1743809296.425208
3,,14.56,1743809297.8414261
3,,14.56,1743809297.8414261
2,,14.56,1743809297.8414261
2,,14.56,1743809297.8414261
3,,15.85,1743809299.1322885
3,,15.85,1743809299.1322885
2,,15.85,1743809299.1322885
2,,15.85,1743809299.1322885
3,,21.61,1743809304.8925786
3,,21.61,1743809304.8925786
2,,21.61,1743809304.8925786
2,,21.61,1743809304.8925786
6,,17.86,1743809306.4767926
6,,17.86,1743809306.4767926
3,,23.19,1743809306.4767926
3,,23.19,1743809306.4767926
2,,23.19,1743809306.4767926
2,,23.19,1743809306.4767926
6,,19.47,1743809308.0878403
6,,19.47,1743809308.0878403
3,,24.80,1743809308.0878403
3,,24.80,1743809308.0878403
2,,24.80,1743809308.0878403
2,,24.80,1743809308.0878403
6,,20.89,1743809309.5143688
6,,20.89,1743809309.5143688
3,,26.23,1743809309.5143688
3,,26.23,1743809309.5143688
2,,26.23,1743809309.5143688
2,,26.23,1743809309.5143688
6,,22.55,1743809311.1666853
6,,22.55,1743809311.1666853
3,* 4,27.88,1743809311.1666853
3,* 4,27.88,1743809311.1666853
2,,27.88,1743809311.1666853
2,,27.88,1743809311.1666853
6,,24.08,1743809312.7026534
6,,24.08,1743809312.7026534
3,~~,29.42,1743809312.7026534
3,~~,29.42,1743809312.7026534
2,,29.42,1743809312.7026534
2,,29.42,1743809312.7026534
6,,25.55,1743809314.171826
6,,25.55,1743809314.171826
3,,30.89,1743809314.171826
3,,30.89,1743809314.171826
2,,30.89,1743809314.171826
2,,30.89,1743809314.171826
6,,27.02,1743809315.64096
6,,27.02,1743809315.64096
3,> a,32.36,1743809315.64096
3,> a,32.36,1743809315.64096
2,,32.36,1743809315.64096
2,,32.36,1743809315.64096
6,,28.48,1743809317.0984952
6,,28.48,1743809317.0984952
3,,33.81,1743809317.0984952
3,,33.81,1743809317.0984952
2,,33.81,1743809317.0984952
2,,33.81,1743809317.0984952
6,,30.03,1743809318.6536582
6,,30.03,1743809318.6536582
3,7°" 5,35.37,1743809318.6536582
3,7°" 5,35.37,1743809318.6536582
2,,35.37,1743809318.6536582
2,,35.37,1743809318.6536582
6,,32.59,1743809321.213752
6,,32.59,1743809321.213752
2,,37.93,1743809321.213752
2,,37.93,1743809321.213752
6,,33.71,1743809322.3298445
6,,33.71,1743809322.3298445
2,,39.05,1743809322.3298445
2,,39.05,1743809322.3298445
6,,34.84,1743809323.4628272
6,,34.84,1743809323.4628272
2,,40.18,1743809323.4628272
2,,40.18,1743809323.4628272
6,,35.96,1743809324.5782747
6,,35.96,1743809324.5782747
2,,41.29,1743809324.5782747
2,,41.29,1743809324.5782747
6,,37.07,1743809325.691986
6,,37.07,1743809325.691986
2,,42.41,1743809325.691986
2,,42.41,1743809325.691986
6,,38.17,1743809326.7872212
6,,38.17,1743809326.7872212
2,,43.50,1743809326.7872212
2,,43.50,1743809326.7872212
6,,39.25,1743809327.873583
6,,39.25,1743809327.873583
2,,44.59,1743809327.873583
2,,44.59,1743809327.873583
6,,40.37,1743809328.9950385
6,,40.37,1743809328.9950385
2,,45.71,1743809328.9950385
2,,45.71,1743809328.9950385
6,,41.44,1743809330.0575542
6,,41.44,1743809330.0575542
2,,46.77,1743809330.0575542
2,,46.77,1743809330.0575542
6,,42.53,1743809331.1493466
6,,42.53,1743809331.1493466
2,,47.87,1743809331.1493466
2,,47.87,1743809331.1493466
6,,43.68,1743809332.296197
6,,43.68,1743809332.296197
2,,49.01,1743809332.296197
2,,49.01,1743809332.296197
6,,44.75,1743809333.3760173
6,,44.75,1743809333.3760173
2,,50.09,1743809333.3760173
2,,50.09,1743809333.3760173
10,os” -,11.04,1743809334.5063224
10,os” -,11.04,1743809334.5063224
6,,45.89,1743809334.5063224
6,,45.89,1743809334.5063224
2,,51.22,1743809334.5063224
2,,51.22,1743809334.5063224
10,oe” -,12.51,1743809335.9743314
10,oe” -,12.51,1743809335.9743314
6,,47.35,1743809335.9743314
6,,47.35,1743809335.9743314
2,,52.69,1743809335.9743314
2,,52.69,1743809335.9743314
10,so” ry,14.10,1743809337.5660355
10,so” ry,14.10,1743809337.5660355
6,,48.94,1743809337.5660355
6,,48.94,1743809337.5660355
2,,54.28,1743809337.5660355
2,,54.28,1743809337.5660355
10,so” :,15.63,1743809339.0891461
10,so” :,15.63,1743809339.0891461
6,,50.47,1743809339.0891461
6,,50.47,1743809339.0891461
2,,55.81,1743809339.0891461
2,,55.81,1743809339.0891461
10,°° :,17.25,1743809340.7102716
10,°° :,17.25,1743809340.7102716
6,,52.09,1743809340.7102716
6,,52.09,1743809340.7102716
2,,57.43,1743809340.7102716
2,,57.43,1743809340.7102716
10,°°,18.72,1743809342.1807778
10,°°,18.72,1743809342.1807778
6,,53.56,1743809342.1807778
6,,53.56,1743809342.1807778
2,,58.90,1743809342.1807778
2,,58.90,1743809342.1807778
12,,10.45,1743809343.824534
12,,10.45,1743809343.824534
10,o* :,20.36,1743809343.824534
10,o* :,20.36,1743809343.824534
6,,55.20,1743809343.824534
6,,55.20,1743809343.824534
2,,60.54,1743809343.824534
2,,60.54,1743809343.824534
12,° ag.,12.54,1743809345.9111001
12,° ag.,12.54,1743809345.9111001
10,i,22.45,1743809345.9111001
10,i,22.45,1743809345.9111001
6,,57.29,1743809345.9111001
6,,57.29,1743809345.9111001
2,,62.63,1743809345.9111001
2,,62.63,1743809345.9111001
12,® N-,14.49,1743809347.8685503
12,® N-,14.49,1743809347.8685503
10,°°,24.41,1743809347.8685503
10,°°,24.41,1743809347.8685503
6,,59.25,1743809347.8685503
6,,59.25,1743809347.8685503
2,,64.58,1743809347.8685503
2,,64.58,1743809347.8685503
12,,16.51,1743809349.8843544
12,,16.51,1743809349.8843544
10,* ;,26.42,1743809349.8843544
10,* ;,26.42,1743809349.8843544
6,,61.26,1743809349.8843544
6,,61.26,1743809349.8843544
2,,66.60,1743809349.8843544
2,,66.60,1743809349.8843544
12,,18.57,1743809351.9491246
12,,18.57,1743809351.9491246
10,a :,28.49,1743809351.9491246
10,a :,28.49,1743809351.9491246
6,,63.33,1743809351.9491246
6,,63.33,1743809351.9491246
2,,68.67,1743809351.9491246
2,,68.67,1743809351.9491246
12,,21.00,1743809354.3789465
12,,21.00,1743809354.3789465
10,>,30.92,1743809354.3789465
10,>,30.92,1743809354.3789465
6,,65.76,1743809354.3789465
6,,65.76,1743809354.3789465
2,,71.10,1743809354.3789465
2,,71.10,1743809354.3789465
12,,22.99,1743809356.369063
12,,22.99,1743809356.369063
10,° >,32.91,1743809356.369063
10,° >,32.91,1743809356.369063
6,,67.75,1743809356.369063
6,,67.75,1743809356.369063
2,a,73.09,1743809356.369063
2,a,73.09,1743809356.369063
12,,24.93,1743809358.3031042
12,,24.93,1743809358.3031042
10,i :,34.84,1743809358.3031042
10,i :,34.84,1743809358.3031042
6,,69.68,1743809358.3031042
6,,69.68,1743809358.3031042
2,,75.02,1743809358.3031042
2,,75.02,1743809358.3031042
12,,27.03,1743809360.4087555
12,,27.03,1743809360.4087555
10,,36.95,1743809360.4087555
10,,36.95,1743809360.4087555
6,,71.79,1743809360.4087555
6,,71.79,1743809360.4087555
2,,77.13,1743809360.4087555
2,,77.13,1743809360.4087555
12,,29.12,1743809362.4933608
12,,29.12,1743809362.4933608
10,° :,39.03,1743809362.4933608
10,° :,39.03,1743809362.4933608
6,,73.87,1743809362.4933608
6,,73.87,1743809362.4933608
2,fs,79.21,1743809362.4933608
2,fs,79.21,1743809362.4933608
12,,30.89,1743809364.263968
12,,30.89,1743809364.263968
10,‘ ),40.80,1743809364.263968
10,‘ ),40.80,1743809364.263968
6,,75.64,1743809364.263968
6,,75.64,1743809364.263968
2,,80.98,1743809364.263968
2,,80.98,1743809364.263968
12,,32.70,1743809366.0741131
12,,32.70,1743809366.0741131
10,° ),42.61,1743809366.0741131
10,° ),42.61,1743809366.0741131
6,,77.45,1743809366.0741131
6,,77.45,1743809366.0741131
2,a |,82.79,1743809366.0741131
2,a |,82.79,1743809366.0741131
12,,34.51,1743809367.8905842
12,,34.51,1743809367.8905842
10,,44.43,1743809367.8905842
10,,44.43,1743809367.8905842
6,,79.27,1743809367.8905842
6,,79.27,1743809367.8905842
2,ay’,84.61,1743809367.8905842
2,ay’,84.61,1743809367.8905842
12,,36.29,1743809369.6677973
12,,36.29,1743809369.6677973
10,. —", Ee,46.20,1743809369.6677973
10,. —", Ee,46.20,1743809369.6677973
2,yj,86.38,1743809369.6677973
2,yj,86.38,1743809369.6677973
12,-—-,37.65,1743809371.0264628
12,-—-,37.65,1743809371.0264628
10,,47.56,1743809371.0264628
10,,47.56,1743809371.0264628
2,a |,87.74,1743809371.0264628
2,a |,87.74,1743809371.0264628
12,,38.97,1743809372.3417647
12,,38.97,1743809372.3417647
10,,48.88,1743809372.3417647
10,,48.88,1743809372.3417647
2,—s,89.06,1743809372.3417647
2,—s,89.06,1743809372.3417647
12,= ~,40.34,1743809373.716798
12,= ~,40.34,1743809373.716798
10,—.,50.25,1743809373.716798
10,—.,50.25,1743809373.716798
6,,85.10,1743809373.716798
6,,85.10,1743809373.716798
2,=,90.43,1743809373.716798
2,=,90.43,1743809373.716798
12,,42.07,1743809375.4466121
12,,42.07,1743809375.4466121
10,—,51.98,1743809375.4466121
10,—,51.98,1743809375.4466121
6,,86.83,1743809375.4466121
6,,86.83,1743809375.4466121
2,|,92.16,1743809375.4466121
2,|,92.16,1743809375.4466121
12,,43.92,1743809377.294508
12,,43.92,1743809377.294508
10,—.,53.83,1743809377.294508
10,—.,53.83,1743809377.294508
6,,88.67,1743809377.294508
6,,88.67,1743809377.294508
2,Ss,94.01,1743809377.294508
2,Ss,94.01,1743809377.294508
12,= —,45.73,1743809379.1031678
12,= —,45.73,1743809379.1031678
10,,55.64,1743809379.1031678
10,,55.64,1743809379.1031678
6,,90.48,1743809379.1031678
6,,90.48,1743809379.1031678
2,|,95.82,1743809379.1031678
2,|,95.82,1743809379.1031678
12,,48.13,1743809381.5097003
12,,48.13,1743809381.5097003
10,,58.05,1743809381.5097003
10,,58.05,1743809381.5097003
6,,92.89,1743809381.5097003
6,,92.89,1743809381.5097003
2,Se,98.23,1743809381.5097003
2,Se,98.23,1743809381.5097003
12,——,49.92,1743809383.291837
12,——,49.92,1743809383.291837
10,,59.83,1743809383.291837
10,,59.83,1743809383.291837
6,,94.67,1743809383.291837
6,,94.67,1743809383.291837
2,,100.01,1743809383.291837
2,,100.01,1743809383.291837
12,,52.01,1743809385.3850172
12,,52.01,1743809385.3850172
10,cow,61.92,1743809385.3850172
10,cow,61.92,1743809385.3850172
6,,96.76,1743809385.3850172
6,,96.76,1743809385.3850172
2,a,102.10,1743809385.3850172
2,a,102.10,1743809385.3850172
12,,53.76,1743809387.1372137
12,,53.76,1743809387.1372137
10,ra | x,63.67,1743809387.1372137
10,ra | x,63.67,1743809387.1372137
6,,98.52,1743809387.1372137
6,,98.52,1743809387.1372137
2,oo,103.85,1743809387.1372137
2,oo,103.85,1743809387.1372137
12,,55.54,1743809388.911386
12,,55.54,1743809388.911386
10,° wn,65.45,1743809388.911386
10,° wn,65.45,1743809388.911386
6,,100.29,1743809388.911386
6,,100.29,1743809388.911386
2,),105.63,1743809388.911386
2,),105.63,1743809388.911386
12,,57.26,1743809390.6395853
12,,57.26,1743809390.6395853
10,—,67.18,1743809390.6395853
10,—,67.18,1743809390.6395853
6,,102.02,1743809390.6395853
6,,102.02,1743809390.6395853
2,a,107.36,1743809390.6395853
2,a,107.36,1743809390.6395853
12,ee,58.98,1743809392.3563678
12,ee,58.98,1743809392.3563678
10,———,68.89,1743809392.3563678
10,———,68.89,1743809392.3563678
6,,103.74,1743809392.3563678
6,,103.74,1743809392.3563678
2,2,109.07,1743809392.3563678
2,2,109.07,1743809392.3563678
12,,60.78,1743809394.1568713
12,,60.78,1743809394.1568713
10,,70.69,1743809394.1568713
10,,70.69,1743809394.1568713
6,,105.54,1743809394.1568713
6,,105.54,1743809394.1568713
2,=],110.87,1743809394.1568713
2,=],110.87,1743809394.1568713
12,a,62.51,1743809395.8825524
12,a,62.51,1743809395.8825524
10,,72.42,1743809395.8825524
10,,72.42,1743809395.8825524
6,,107.26,1743809395.8825524
6,,107.26,1743809395.8825524
2,a,112.60,1743809395.8825524
2,a,112.60,1743809395.8825524
12,,64.23,1743809397.6010387
12,,64.23,1743809397.6010387
10,,74.14,1743809397.6010387
10,,74.14,1743809397.6010387
6,,108.98,1743809397.6010387
6,,108.98,1743809397.6010387
2,,114.32,1743809397.6010387
2,,114.32,1743809397.6010387
12,,65.95,1743809399.3236487
12,,65.95,1743809399.3236487
10,,75.86,1743809399.3236487
10,,75.86,1743809399.3236487
6,,110.70,1743809399.3236487
6,,110.70,1743809399.3236487
2,,116.04,1743809399.3236487
2,,116.04,1743809399.3236487
12,,67.65,1743809401.0264761
12,,67.65,1743809401.0264761
10,,77.56,1743809401.0264761
10,,77.56,1743809401.0264761
6,,112.41,1743809401.0264761
6,,112.41,1743809401.0264761
2,,117.74,1743809401.0264761
2,,117.74,1743809401.0264761
12,,69.30,1743809402.678761
12,,69.30,1743809402.678761
10,,79.22,1743809402.678761
10,,79.22,1743809402.678761
6,,114.06,1743809402.678761
6,,114.06,1743809402.678761
2,"J,119.40,1743809402.678761
2,"J,119.40,1743809402.678761
12,,71.01,1743809404.3847651
12,,71.01,1743809404.3847651
10,gt ® _,80.92,1743809404.3847651
10,gt ® _,80.92,1743809404.3847651
6,,115.76,1743809404.3847651
6,,115.76,1743809404.3847651
2,,121.10,1743809404.3847651
2,,121.10,1743809404.3847651
12,,72.72,1743809406.0964763
12,,72.72,1743809406.0964763
10,,* _,82.63,1743809406.0964763
10,,* _,82.63,1743809406.0964763
6,,117.48,1743809406.0964763
6,,117.48,1743809406.0964763
2,,122.81,1743809406.0964763
2,,122.81,1743809406.0964763
12,,74.46,1743809407.8345468
12,,74.46,1743809407.8345468
10,,84.37,1743809407.8345468
10,,84.37,1743809407.8345468
6,,119.21,1743809407.8345468
6,,119.21,1743809407.8345468
2,,124.55,1743809407.8345468
2,,124.55,1743809407.8345468
12,,76.71,1743809410.0905025
12,,76.71,1743809410.0905025
10,o* *,86.63,1743809410.0905025
10,o* *,86.63,1743809410.0905025
6,,121.47,1743809410.0905025
6,,121.47,1743809410.0905025
12,a",78.28,1743809411.6579509
12,a",78.28,1743809411.6579509
10,,88.20,1743809411.6579509
10,,88.20,1743809411.6579509
6,,123.04,1743809411.6579509
6,,123.04,1743809411.6579509
12,— a,79.66,1743809413.0385525
12,— a,79.66,1743809413.0385525
10,,89.58,1743809413.0385525
10,,89.58,1743809413.0385525
6,,124.42,1743809413.0385525
6,,124.42,1743809413.0385525
12,,81.14,1743809414.5122676
12,,81.14,1743809414.5122676
10,,91.05,1743809414.5122676
10,,91.05,1743809414.5122676
6,,125.89,1743809414.5122676
6,,125.89,1743809414.5122676
12,—*,82.49,1743809415.8703306
12,—*,82.49,1743809415.8703306
10,¢ we +,92.41,1743809415.8703306
10,¢ we +,92.41,1743809415.8703306
6,,127.25,1743809415.8703306
6,,127.25,1743809415.8703306
12,—,83.87,1743809417.248437
12,—,83.87,1743809417.248437
10,,93.79,1743809417.248437
10,,93.79,1743809417.248437
6,,128.63,1743809417.248437
6,,128.63,1743809417.248437
12,=,85.31,1743809418.6833565
12,=,85.31,1743809418.6833565
10,,95.22,1743809418.6833565
10,,95.22,1743809418.6833565
6,,130.06,1743809418.6833565
6,,130.06,1743809418.6833565
12,—,86.67,1743809420.049443
12,—,86.67,1743809420.049443
10,fame,96.59,1743809420.049443
10,fame,96.59,1743809420.049443
6,,131.43,1743809420.049443
6,,131.43,1743809420.049443
12,|,88.11,1743809421.490162
12,|,88.11,1743809421.490162
10,y "ee ¥,98.03,1743809421.490162
10,y "ee ¥,98.03,1743809421.490162
6,,132.87,1743809421.490162
6,,132.87,1743809421.490162
12,|,89.47,1743809422.844268
12,|,89.47,1743809422.844268
10,,99.38,1743809422.844268
10,,99.38,1743809422.844268
6,,134.22,1743809422.844268
6,,134.22,1743809422.844268
12,,90.86,1743809424.2365918
12,,90.86,1743809424.2365918
10,+,100.77,1743809424.2365918
10,+,100.77,1743809424.2365918
6,,135.62,1743809424.2365918
6,,135.62,1743809424.2365918
12,,92.19,1743809425.5698311
12,,92.19,1743809425.5698311
10,,102.11,1743809425.5698311
10,,102.11,1743809425.5698311
6,,136.95,1743809425.5698311
6,,136.95,1743809425.5698311
12,,93.75,1743809427.125438
12,,93.75,1743809427.125438
10,f= aie,103.66,1743809427.125438
10,f= aie,103.66,1743809427.125438
6,,138.50,1743809427.125438
6,,138.50,1743809427.125438
12,,95.13,1743809428.5082111
12,,95.13,1743809428.5082111
10,rr. .,105.05,1743809428.5082111
10,rr. .,105.05,1743809428.5082111
6,,139.89,1743809428.5082111
6,,139.89,1743809428.5082111
12,,96.61,1743809429.986197
12,,96.61,1743809429.986197
10,,106.52,1743809429.986197
10,,106.52,1743809429.986197
6,,141.37,1743809429.986197
6,,141.37,1743809429.986197
12,,97.93,1743809431.3053803
12,,97.93,1743809431.3053803
10,,107.84,1743809431.3053803
10,,107.84,1743809431.3053803
6,,142.68,1743809431.3053803
6,,142.68,1743809431.3053803
12,,99.33,1743809432.7047088
12,,99.33,1743809432.7047088
10,,109.24,1743809432.7047088
10,,109.24,1743809432.7047088
6,,144.08,1743809432.7047088
6,,144.08,1743809432.7047088
12,,100.63,1743809434.0030549
12,,100.63,1743809434.0030549
10,,110.54,1743809434.0030549
10,,110.54,1743809434.0030549
6,,145.38,1743809434.0030549
6,,145.38,1743809434.0030549
12,,102.04,1743809435.4182875
12,,102.04,1743809435.4182875
10,',111.96,1743809435.4182875
10,',111.96,1743809435.4182875
6,,146.80,1743809435.4182875
6,,146.80,1743809435.4182875
12,,103.38,1743809436.7531018
12,,103.38,1743809436.7531018
10,,113.29,1743809436.7531018
10,,113.29,1743809436.7531018
6,,148.13,1743809436.7531018
6,,148.13,1743809436.7531018
12,3 | i ma -,104.68,1743809438.060328
12,3 | i ma -,104.68,1743809438.060328
10,,114.60,1743809438.060328
10,,114.60,1743809438.060328
6,,149.44,1743809438.060328
6,,149.44,1743809438.060328
12,,106.27,1743809439.6441646
12,,106.27,1743809439.6441646
10,,116.18,1743809439.6441646
10,,116.18,1743809439.6441646
12,,107.38,1743809440.7545366
12,,107.38,1743809440.7545366
10,,117.29,1743809440.7545366
10,,117.29,1743809440.7545366
12,,108.45,1743809441.822036
12,,108.45,1743809441.822036
10,,118.36,1743809441.822036
10,,118.36,1743809441.822036
12,,109.45,1743809442.8213298
12,,109.45,1743809442.8213298
10,,119.36,1743809442.8213298
10,,119.36,1743809442.8213298
12,,110.36,1743809443.7361975
12,,110.36,1743809443.7361975
10,,120.27,1743809443.7361975
10,,120.27,1743809443.7361975
12,,111.42,1743809444.798462
12,,111.42,1743809444.798462
10,il,121.34,1743809444.798462
10,il,121.34,1743809444.798462
12,,112.40,1743809445.7772222
12,,112.40,1743809445.7772222
10,,122.31,1743809445.7772222
10,,122.31,1743809445.7772222
12,,113.32,1743809446.6971354
12,,113.32,1743809446.6971354
10,a en,123.23,1743809446.6971354
10,a en,123.23,1743809446.6971354
12,,114.23,1743809447.6012912
12,,114.23,1743809447.6012912
10,= Py @,124.14,1743809447.6012912
10,= Py @,124.14,1743809447.6012912
12,,115.36,1743809448.7408144
12,,115.36,1743809448.7408144
10,oe,125.28,1743809448.7408144
10,oe,125.28,1743809448.7408144
12,aw,116.73,1743809450.1070626
12,aw,116.73,1743809450.1070626
10,| a |,126.64,1743809450.1070626
10,| a |,126.64,1743809450.1070626
10,. v,128.05,1743809451.5114532
10,. v,128.05,1743809451.5114532
10,) , ¥,129.13,1743809452.5946102
10,) , ¥,129.13,1743809452.5946102
10,,130.03,1743809453.4949048
10,,130.03,1743809453.4949048
10,+,131.28,1743809454.739815
10,+,131.28,1743809454.739815
24,,10.92,1743809455.7186213
24,,10.92,1743809455.7186213
10,,132.26,1743809455.7186213
10,,132.26,1743809455.7186213
24,,12.27,1743809457.0722158
24,,12.27,1743809457.0722158
10,,133.61,1743809457.0722158
10,,133.61,1743809457.0722158
24,,13.62,1743809458.4149516
24,,13.62,1743809458.4149516
10,¥,134.95,1743809458.4149516
10,¥,134.95,1743809458.4149516
24,,15.11,1743809459.90514
24,,15.11,1743809459.90514
10,¥,136.44,1743809459.90514
10,¥,136.44,1743809459.90514
24,,16.93,1743809461.7317576
24,,16.93,1743809461.7317576
10,v,138.27,1743809461.7317576
10,v,138.27,1743809461.7317576
25,,11.30,1743809463.897083
25,,11.30,1743809463.897083
24,,19.10,1743809463.897083
24,,19.10,1743809463.897083
10,:,140.43,1743809463.897083
10,:,140.43,1743809463.897083
25,,13.43,1743809466.0252244
25,,13.43,1743809466.0252244
24,,21.23,1743809466.0252244
24,,21.23,1743809466.0252244
10,\,142.56,1743809466.0252244
10,\,142.56,1743809466.0252244
25,,15.52,1743809468.112738
25,,15.52,1743809468.112738
24,,23.31,1743809468.112738
24,,23.31,1743809468.112738
10,,144.65,1743809468.112738
10,,144.65,1743809468.112738
25,,17.65,1743809470.2418933
25,,17.65,1743809470.2418933
24,,25.44,1743809470.2418933
24,,25.44,1743809470.2418933
10,y,146.78,1743809470.2418933
10,y,146.78,1743809470.2418933
25,,19.66,1743809472.2596083
25,,19.66,1743809472.2596083
24,,27.46,1743809472.2596083
24,,27.46,1743809472.2596083
10,y,148.80,1743809472.2596083
10,y,148.80,1743809472.2596083
25,; “,21.24,1743809473.8322682
25,; “,21.24,1743809473.8322682
24,ie,29.03,1743809473.8322682
24,ie,29.03,1743809473.8322682
25,,22.66,1743809475.2550173
25,,22.66,1743809475.2550173
24,,30.46,1743809475.2550173
24,,30.46,1743809475.2550173
25,,23.94,1743809476.5362523
25,,23.94,1743809476.5362523
24,,31.74,1743809476.5362523
24,,31.74,1743809476.5362523
25,,24.95,1743809477.5421138
25,,24.95,1743809477.5421138
24,ie |,32.74,1743809477.5421138
24,ie |,32.74,1743809477.5421138
25,-,25.98,1743809478.5773928
25,-,25.98,1743809478.5773928
24,ie,33.78,1743809478.5773928
24,ie,33.78,1743809478.5773928
25,* me,27.07,1743809479.6670702
25,* me,27.07,1743809479.6670702
24,,34.87,1743809479.6670702
24,,34.87,1743809479.6670702
25,,28.54,1743809481.130982
25,,28.54,1743809481.130982
24,,36.33,1743809481.130982
24,,36.33,1743809481.130982
25,,29.97,1743809482.5690005
25,,29.97,1743809482.5690005
24,,37.77,1743809482.5690005
24,,37.77,1743809482.5690005
25,,31.49,1743809484.0806358
25,,31.49,1743809484.0806358
24,,39.28,1743809484.0806358
24,,39.28,1743809484.0806358
25,. =,33.01,1743809485.6031845
25,. =,33.01,1743809485.6031845
24,,40.80,1743809485.6031845
24,,40.80,1743809485.6031845
25,‘ ¢ —,34.42,1743809487.0117574
25,‘ ¢ —,34.42,1743809487.0117574
24,,42.21,1743809487.0117574
24,,42.21,1743809487.0117574
25,4 ss ,,36.25,1743809488.8425705
25,4 ss ,,36.25,1743809488.8425705
24,,44.04,1743809488.8425705
24,,44.04,1743809488.8425705
25,,38.02,1743809490.6120996
25,,38.02,1743809490.6120996
24,,45.81,1743809490.6120996
24,,45.81,1743809490.6120996
25,,41.74,1743809494.3389509
25,,41.74,1743809494.3389509
24,,49.54,1743809494.3389509
24,,49.54,1743809494.3389509
25,,46.30,1743809498.8995893
25,,46.30,1743809498.8995893
24,,54.10,1743809498.8995893
24,,54.10,1743809498.8995893
25,——-,48.00,1743809500.5914733
25,——-,48.00,1743809500.5914733
24,,55.79,1743809500.5914733
24,,55.79,1743809500.5914733
25,a =,49.82,1743809502.419487
25,a =,49.82,1743809502.419487
24,,57.62,1743809502.419487
24,,57.62,1743809502.419487
25,,51.61,1743809504.200703
25,,51.61,1743809504.200703
24,,59.40,1743809504.200703
24,,59.40,1743809504.200703
25,,53.24,1743809505.8378623
25,,53.24,1743809505.8378623
24,,61.04,1743809505.8378623
24,,61.04,1743809505.8378623
25,,54.77,1743809507.359987
25,,54.77,1743809507.359987
24,,62.56,1743809507.359987
24,,62.56,1743809507.359987
34,‘,10.52,1743809509.4197638
34,‘,10.52,1743809509.4197638
25,,56.83,1743809509.4197638
25,,56.83,1743809509.4197638
24,,64.62,1743809509.4197638
24,,64.62,1743809509.4197638
34,,12.58,1743809511.4822428
34,,12.58,1743809511.4822428
25,,58.89,1743809511.4822428
25,,58.89,1743809511.4822428
24,,66.68,1743809511.4822428
24,,66.68,1743809511.4822428
25,,61.18,1743809513.7709446
25,,61.18,1743809513.7709446
24,,68.97,1743809513.7709446
24,,68.97,1743809513.7709446
25,,63.98,1743809516.5730646
25,,63.98,1743809516.5730646
24,,71.77,1743809516.5730646
24,,71.77,1743809516.5730646
25,,67.06,1743809519.6526668
25,,67.06,1743809519.6526668
24,,74.85,1743809519.6526668
24,,74.85,1743809519.6526668
25,,68.79,1743809521.3886926
25,,68.79,1743809521.3886926
24,,76.59,1743809521.3886926
24,,76.59,1743809521.3886926
25,,70.85,1743809523.4494326
25,,70.85,1743809523.4494326
24,,78.65,1743809523.4494326
24,,78.65,1743809523.4494326
25,,72.09,1743809524.6866841
25,,72.09,1743809524.6866841
24,,79.89,1743809524.6866841
24,,79.89,1743809524.6866841
25,*,73.81,1743809526.4055543
25,*,73.81,1743809526.4055543
24,,81.61,1743809526.4055543
24,,81.61,1743809526.4055543
36,by :,11.59,1743809528.1656816
36,by :,11.59,1743809528.1656816
25,“=~,75.57,1743809528.1656816
25,“=~,75.57,1743809528.1656816
24,,83.37,1743809528.1656816
24,,83.37,1743809528.1656816
36,,13.62,1743809530.191232
36,,13.62,1743809530.191232
25,,77.60,1743809530.191232
25,,77.60,1743809530.191232
24,,85.39,1743809530.191232
24,,85.39,1743809530.191232
36,,15.54,1743809532.1123068
36,,15.54,1743809532.1123068
25,,79.52,1743809532.1123068
25,,79.52,1743809532.1123068
24,,87.31,1743809532.1123068
24,,87.31,1743809532.1123068
36,,17.61,1743809534.1843328
36,,17.61,1743809534.1843328
25,,81.59,1743809534.1843328
25,,81.59,1743809534.1843328
24,,89.39,1743809534.1843328
24,,89.39,1743809534.1843328
36,,19.79,1743809536.3599105
36,,19.79,1743809536.3599105
25,,83.77,1743809536.3599105
25,,83.77,1743809536.3599105
24,,91.56,1743809536.3599105
24,,91.56,1743809536.3599105
36,,21.41,1743809537.9872768
36,,21.41,1743809537.9872768
25,,85.39,1743809537.9872768
25,,85.39,1743809537.9872768
24,,93.19,1743809537.9872768
24,,93.19,1743809537.9872768
36,,22.96,1743809539.5322893
36,,22.96,1743809539.5322893
25,,86.94,1743809539.5322893
25,,86.94,1743809539.5322893
24,,94.73,1743809539.5322893
24,,94.73,1743809539.5322893
36,,24.41,1743809540.9827914
36,,24.41,1743809540.9827914
25,~———e,88.39,1743809540.9827914
25,~———e,88.39,1743809540.9827914
24,,96.18,1743809540.9827914
24,,96.18,1743809540.9827914
36,,26.27,1743809542.8457046
36,,26.27,1743809542.8457046
25,,90.25,1743809542.8457046
25,,90.25,1743809542.8457046
24,,98.05,1743809542.8457046
24,,98.05,1743809542.8457046
36,,28.29,1743809544.8630807
36,,28.29,1743809544.8630807
25,ing ss,92.27,1743809544.8630807
25,ing ss,92.27,1743809544.8630807
24,,100.06,1743809544.8630807
24,,100.06,1743809544.8630807
36,,29.90,1743809546.4692385
36,,29.90,1743809546.4692385
25,,93.87,1743809546.4692385
25,,93.87,1743809546.4692385
24,,101.67,1743809546.4692385
24,,101.67,1743809546.4692385
36,,31.67,1743809548.2402043
36,,31.67,1743809548.2402043
25,,95.65,1743809548.2402043
25,,95.65,1743809548.2402043
24,,103.44,1743809548.2402043
24,,103.44,1743809548.2402043
36,,33.57,1743809550.1418316
36,,33.57,1743809550.1418316
25,,97.55,1743809550.1418316
25,,97.55,1743809550.1418316
24,,105.34,1743809550.1418316
24,,105.34,1743809550.1418316
36,,35.39,1743809551.9659398
36,,35.39,1743809551.9659398
25,“a > ),99.37,1743809551.9659398
25,“a > ),99.37,1743809551.9659398
24,,107.17,1743809551.9659398
24,,107.17,1743809551.9659398
36,,37.09,1743809553.6636686
36,,37.09,1743809553.6636686
25,,101.07,1743809553.6636686
25,,101.07,1743809553.6636686
24,,108.87,1743809553.6636686
24,,108.87,1743809553.6636686
36,| =,38.82,1743809555.3934016
36,| =,38.82,1743809555.3934016
25,,102.80,1743809555.3934016
25,,102.80,1743809555.3934016
24,,110.59,1743809555.3934016
24,,110.59,1743809555.3934016
36,,40.72,1743809557.2902586
36,,40.72,1743809557.2902586
25,ly,104.70,1743809557.2902586
25,ly,104.70,1743809557.2902586
24,,112.49,1743809557.2902586
24,,112.49,1743809557.2902586
36,,42.56,1743809559.136965
36,,42.56,1743809559.136965
25,,106.54,1743809559.136965
25,,106.54,1743809559.136965
24,,114.34,1743809559.136965
24,,114.34,1743809559.136965
38,,11.45,1743809561.5925198
38,,11.45,1743809561.5925198
36,Ps,45.02,1743809561.5925198
36,Ps,45.02,1743809561.5925198
25,,109.00,1743809561.5925198
25,,109.00,1743809561.5925198
24,,116.79,1743809561.5925198
24,,116.79,1743809561.5925198
38,,13.94,1743809564.0857825
38,,13.94,1743809564.0857825
36,,47.51,1743809564.0857825
36,,47.51,1743809564.0857825
25,,111.49,1743809564.0857825
25,,111.49,1743809564.0857825
24,,119.29,1743809564.0857825
24,,119.29,1743809564.0857825
38,,16.24,1743809566.3810883
38,,16.24,1743809566.3810883
36,re:,49.81,1743809566.3810883
36,re:,49.81,1743809566.3810883
25,,113.79,1743809566.3810883
25,,113.79,1743809566.3810883
24,,121.58,1743809566.3810883
24,,121.58,1743809566.3810883
38,,18.32,1743809568.4582515
38,,18.32,1743809568.4582515
36,,51.89,1743809568.4582515
36,,51.89,1743809568.4582515
25,,115.86,1743809568.4582515
25,,115.86,1743809568.4582515
24,,123.66,1743809568.4582515
24,,123.66,1743809568.4582515
38,,20.35,1743809570.4877877
38,,20.35,1743809570.4877877
36,,53.91,1743809570.4877877
36,,53.91,1743809570.4877877
25,,117.89,1743809570.4877877
25,,117.89,1743809570.4877877
24,,125.69,1743809570.4877877
24,,125.69,1743809570.4877877
38,,22.57,1743809572.7084014
38,,22.57,1743809572.7084014
36,,56.14,1743809572.7084014
36,,56.14,1743809572.7084014
25,,120.11,1743809572.7084014
25,,120.11,1743809572.7084014
24,,127.91,1743809572.7084014
24,,127.91,1743809572.7084014
38,,24.53,1743809574.6753871
38,,24.53,1743809574.6753871
36,i,58.10,1743809574.6753871
36,i,58.10,1743809574.6753871
25,—*,122.08,1743809574.6753871
25,—*,122.08,1743809574.6753871
24,,129.88,1743809574.6753871
24,,129.88,1743809574.6753871
38,,27.06,1743809577.205906
38,,27.06,1743809577.205906
36,,60.63,1743809577.205906
36,,60.63,1743809577.205906
25,—_,.,124.61,1743809577.205906
25,—_,.,124.61,1743809577.205906
24,,132.41,1743809577.205906
24,,132.41,1743809577.205906
38,,29.44,1743809579.5834389
38,,29.44,1743809579.5834389
36,cf,63.01,1743809579.5834389
36,cf,63.01,1743809579.5834389
25,a!,126.99,1743809579.5834389
25,a!,126.99,1743809579.5834389
24,,134.78,1743809579.5834389
24,,134.78,1743809579.5834389
38,,31.87,1743809582.0073278
38,,31.87,1743809582.0073278
25,,129.41,1743809582.0073278
25,,129.41,1743809582.0073278
24,,137.21,1743809582.0073278
24,,137.21,1743809582.0073278
38,,33.36,1743809583.5040717
38,,33.36,1743809583.5040717
25,7,130.91,1743809583.5040717
25,7,130.91,1743809583.5040717
24,,138.71,1743809583.5040717
24,,138.71,1743809583.5040717
38,,34.96,1743809585.102936
38,,34.96,1743809585.102936
25,,132.51,1743809585.102936
25,,132.51,1743809585.102936
24,,140.30,1743809585.102936
24,,140.30,1743809585.102936
38,,36.51,1743809586.6492574
38,,36.51,1743809586.6492574
25,,134.05,1743809586.6492574
25,,134.05,1743809586.6492574
24,,141.85,1743809586.6492574
24,,141.85,1743809586.6492574
38,$size.,38.05,1743809588.1950777
38,$size.,38.05,1743809588.1950777
25,~,135.60,1743809588.1950777
25,~,135.60,1743809588.1950777
24,,143.40,1743809588.1950777
24,,143.40,1743809588.1950777
38,,39.87,1743809590.0128133
38,,39.87,1743809590.0128133
25,,137.42,1743809590.0128133
25,,137.42,1743809590.0128133
24,,145.21,1743809590.0128133
24,,145.21,1743809590.0128133
38,,41.41,1743809591.555444
38,,41.41,1743809591.555444
25,~~,138.96,1743809591.555444
25,~~,138.96,1743809591.555444
24,,146.76,1743809591.555444
24,,146.76,1743809591.555444
38,tees,43.02,1743809593.157918
38,tees,43.02,1743809593.157918
25,~~,140.56,1743809593.157918
25,~~,140.56,1743809593.157918
24,,148.36,1743809593.157918
24,,148.36,1743809593.157918
38,the,44.60,1743809594.7433152
38,the,44.60,1743809594.7433152
25,:,142.15,1743809594.7433152
25,:,142.15,1743809594.7433152
24,,149.94,1743809594.7433152
24,,149.94,1743809594.7433152
38,ei =e,46.23,1743809596.371598
38,ei =e,46.23,1743809596.371598
25,:,143.78,1743809596.371598
25,:,143.78,1743809596.371598
24,,151.57,1743809596.371598
24,,151.57,1743809596.371598
38,,47.71,1743809597.8562067
38,,47.71,1743809597.8562067
25,:,145.26,1743809597.8562067
25,:,145.26,1743809597.8562067
24,,153.06,1743809597.8562067
24,,153.06,1743809597.8562067
38,,49.08,1743809599.22166
38,,49.08,1743809599.22166
25,*,146.63,1743809599.22166
25,*,146.63,1743809599.22166
24,,154.42,1743809599.22166
24,,154.42,1743809599.22166
43,,10.81,1743809600.8179862
43,,10.81,1743809600.8179862
38,ees,50.68,1743809600.8179862
38,ees,50.68,1743809600.8179862
25,,148.22,1743809600.8179862
25,,148.22,1743809600.8179862
24,,156.02,1743809600.8179862
24,,156.02,1743809600.8179862
43,,12.65,1743809602.6601057
43,,12.65,1743809602.6601057
38,* <,52.52,1743809602.6601057
38,* <,52.52,1743809602.6601057
25,,150.07,1743809602.6601057
25,,150.07,1743809602.6601057
24,,157.86,1743809602.6601057
24,,157.86,1743809602.6601057
43,,14.37,1743809604.3842964
43,,14.37,1743809604.3842964
38,,54.24,1743809604.3842964
38,,54.24,1743809604.3842964
25,4,151.79,1743809604.3842964
25,4,151.79,1743809604.3842964
24,,159.59,1743809604.3842964
24,,159.59,1743809604.3842964
43,5 A,16.16,1743809606.1768703
43,5 A,16.16,1743809606.1768703
38,ae,56.04,1743809606.1768703
38,ae,56.04,1743809606.1768703
24,,161.38,1743809606.1768703
24,,161.38,1743809606.1768703
43,25 2,17.54,1743809607.5538323
43,25 2,17.54,1743809607.5538323
38,aes,57.41,1743809607.5538323
38,aes,57.41,1743809607.5538323
24,,162.76,1743809607.5538323
24,,162.76,1743809607.5538323
43,,19.03,1743809609.0386298
43,,19.03,1743809609.0386298
38,1 r =,58.90,1743809609.0386298
38,1 r =,58.90,1743809609.0386298
24,,164.24,1743809609.0386298
24,,164.24,1743809609.0386298
43,,20.40,1743809610.4119356
43,,20.40,1743809610.4119356
24,,165.61,1743809610.4119356
24,,165.61,1743809610.4119356
43,,21.35,1743809611.361855
43,,21.35,1743809611.361855
24,,166.56,1743809611.361855
24,,166.56,1743809611.361855
43,,22.40,1743809612.4111423
43,,22.40,1743809612.4111423
24,,167.61,1743809612.4111423
24,,167.61,1743809612.4111423
43,,23.41,1743809613.424321
43,,23.41,1743809613.424321
24,,168.63,1743809613.424321
24,,168.63,1743809613.424321
43,,24.53,1743809614.5445518
43,,24.53,1743809614.5445518
24,,169.75,1743809614.5445518
24,,169.75,1743809614.5445518
43,= ; -,25.51,1743809615.5220218
43,= ; -,25.51,1743809615.5220218
24,,170.72,1743809615.5220218
24,,170.72,1743809615.5220218
43,,26.48,1743809616.4925184
43,,26.48,1743809616.4925184
24,,171.69,1743809616.4925184
24,,171.69,1743809616.4925184
43,,27.53,1743809617.5408995
43,,27.53,1743809617.5408995
24,,172.74,1743809617.5408995
24,,172.74,1743809617.5408995
43,= _,28.50,1743809618.5091088
43,= _,28.50,1743809618.5091088
24,,173.71,1743809618.5091088
24,,173.71,1743809618.5091088
43,7 >,29.50,1743809619.5148966
43,7 >,29.50,1743809619.5148966
24,,174.72,1743809619.5148966
24,,174.72,1743809619.5148966
43,“ | .,30.57,1743809620.57976
43,“ | .,30.57,1743809620.57976
24,,175.78,1743809620.57976
24,,175.78,1743809620.57976
43,,31.65,1743809621.6579938
43,,31.65,1743809621.6579938
24,va |,176.86,1743809621.6579938
24,va |,176.86,1743809621.6579938
43,,32.71,1743809622.7229145
43,,32.71,1743809622.7229145
24,,177.92,1743809622.7229145
24,,177.92,1743809622.7229145
43,,33.67,1743809623.687492
43,,33.67,1743809623.687492
24,,178.89,1743809623.687492
24,,178.89,1743809623.687492
43,,34.72,1743809624.7278714
43,,34.72,1743809624.7278714
24,,179.93,1743809624.7278714
24,,179.93,1743809624.7278714
43,,35.70,1743809625.716874
43,,35.70,1743809625.716874
24,,180.92,1743809625.716874
24,,180.92,1743809625.716874
43,,36.68,1743809626.694424
43,,36.68,1743809626.694424
24,,181.90,1743809626.694424
24,,181.90,1743809626.694424
24,,182.85,1743809627.646025
24,,182.85,1743809627.646025
24,,183.55,1743809628.3502858
24,,183.55,1743809628.3502858
24,,184.17,1743809628.9654484
24,,184.17,1743809628.9654484
24,,184.78,1743809629.5753436
24,,184.78,1743809629.5753436
24,,185.38,1743809630.1810734
24,,185.38,1743809630.1810734
24,,186.01,1743809630.8077965
24,,186.01,1743809630.8077965
24,,186.63,1743809631.4291723
24,,186.63,1743809631.4291723
24,,187.31,1743809632.1108403
24,,187.31,1743809632.1108403
24,,187.92,1743809632.722144
24,,187.92,1743809632.722144
24,,188.53,1743809633.328214
24,,188.53,1743809633.328214
24,,189.13,1743809633.9318626
24,,189.13,1743809633.9318626
24,,189.74,1743809634.5360463
24,,189.74,1743809634.5360463
24,,190.42,1743809635.2147417
24,,190.42,1743809635.2147417
24,,191.01,1743809635.812334
24,,191.01,1743809635.812334
24,,191.62,1743809636.4169054
24,,191.62,1743809636.4169054
24,,192.21,1743809637.0124683
24,,192.21,1743809637.0124683
24,,192.83,1743809637.6248786
24,,192.83,1743809637.6248786
24,,193.55,1743809638.3496776
24,,193.55,1743809638.3496776
24,,194.16,1743809638.9631946
24,,194.16,1743809638.9631946
24,,194.76,1743809639.560283
24,,194.76,1743809639.560283
47,Ried,10.01,1743809640.1866655
47,Ried,10.01,1743809640.1866655
24,,195.39,1743809640.1866655
24,,195.39,1743809640.1866655
47,,11.07,1743809641.2540176
47,,11.07,1743809641.2540176
24,,196.46,1743809641.2540176
24,,196.46,1743809641.2540176
47,,12.16,1743809642.338844
47,,12.16,1743809642.338844
24,,197.54,1743809642.338844
24,,197.54,1743809642.338844
47,,13.15,1743809643.33258
47,,13.15,1743809643.33258
24,,198.53,1743809643.33258
24,,198.53,1743809643.33258
47,,14.12,1743809644.302412
47,,14.12,1743809644.302412
24,,199.50,1743809644.302412
24,,199.50,1743809644.302412
47,,15.15,1743809645.3319557
47,,15.15,1743809645.3319557
24,,200.53,1743809645.3319557
24,,200.53,1743809645.3319557
47,,16.11,1743809646.2902899
47,,16.11,1743809646.2902899
24,,201.49,1743809646.2902899
24,,201.49,1743809646.2902899
47,,17.05,1743809647.2339277
47,,17.05,1743809647.2339277
24,,202.44,1743809647.2339277
24,,202.44,1743809647.2339277
47,F “e a,18.09,1743809648.26964
47,F “e a,18.09,1743809648.26964
24,,203.47,1743809648.26964
24,,203.47,1743809648.26964
50,p,10.92,1743809649.2697651
50,p,10.92,1743809649.2697651
47,4 ‘2 we a,19.09,1743809649.2697651
47,4 ‘2 we a,19.09,1743809649.2697651
24,,204.47,1743809649.2697651
24,,204.47,1743809649.2697651
50,7,12.27,1743809650.6190941
50,7,12.27,1743809650.6190941
47,,20.44,1743809650.6190941
47,,20.44,1743809650.6190941
24,,205.82,1743809650.6190941
24,,205.82,1743809650.6190941
50,:,13.60,1743809651.945059
50,:,13.60,1743809651.945059
47,,21.76,1743809651.945059
47,,21.76,1743809651.945059
24,,207.15,1743809651.945059
24,,207.15,1743809651.945059
50,é,14.98,1743809653.332799
50,é,14.98,1743809653.332799
47,,23.15,1743809653.332799
47,,23.15,1743809653.332799
24,,208.53,1743809653.332799
24,,208.53,1743809653.332799
50,,16.36,1743809654.7075484
50,,16.36,1743809654.7075484
47,,24.53,1743809654.7075484
47,,24.53,1743809654.7075484
24,,209.91,1743809654.7075484
24,,209.91,1743809654.7075484
47,,25.88,1743809656.0575693
47,,25.88,1743809656.0575693
24,,211.26,1743809656.0575693
24,,211.26,1743809656.0575693
47,,26.85,1743809657.033993
47,,26.85,1743809657.033993
24,,212.24,1743809657.033993
24,,212.24,1743809657.033993
47,of $ a,27.84,1743809658.0185308
47,of $ a,27.84,1743809658.0185308
24,,213.22,1743809658.0185308
24,,213.22,1743809658.0185308
47,,28.90,1743809659.081258
47,,28.90,1743809659.081258
24,,214.28,1743809659.081258
24,,214.28,1743809659.081258
56,,10.80,1743809660.0744176
56,,10.80,1743809660.0744176
47,,29.89,1743809660.0744176
47,,29.89,1743809660.0744176
24,,215.28,1743809660.0744176
24,,215.28,1743809660.0744176
56,¢ .,12.12,1743809661.3891597
56,¢ .,12.12,1743809661.3891597
47,,31.21,1743809661.3891597
47,,31.21,1743809661.3891597
24,,216.59,1743809661.3891597
24,,216.59,1743809661.3891597
56,Pi -,13.52,1743809662.7850933
56,Pi -,13.52,1743809662.7850933
47,2 SS * a,32.60,1743809662.7850933
47,2 SS * a,32.60,1743809662.7850933
24,,217.99,1743809662.7850933
24,,217.99,1743809662.7850933
56,,14.89,1743809664.1570485
56,,14.89,1743809664.1570485
47,2 5 IE,33.98,1743809664.1570485
47,2 5 IE,33.98,1743809664.1570485
24,,219.36,1743809664.1570485
24,,219.36,1743809664.1570485
56,,16.47,1743809665.7410321
56,,16.47,1743809665.7410321
47,2 RE,35.56,1743809665.7410321
47,2 RE,35.56,1743809665.7410321
24,,220.94,1743809665.7410321
24,,220.94,1743809665.7410321
56,,18.07,1743809667.3409133
56,,18.07,1743809667.3409133
47,,37.16,1743809667.3409133
47,,37.16,1743809667.3409133
24,,222.54,1743809667.3409133
24,,222.54,1743809667.3409133
56,,19.40,1743809668.672306
56,,19.40,1743809668.672306
47,,38.49,1743809668.672306
47,,38.49,1743809668.672306
24,,223.87,1743809668.672306
24,,223.87,1743809668.672306
56,aes,20.83,1743809670.1019754
56,aes,20.83,1743809670.1019754
47,,39.92,1743809670.1019754
47,,39.92,1743809670.1019754
24,,225.30,1743809670.1019754
24,,225.30,1743809670.1019754
56,,22.18,1743809671.4462512
56,,22.18,1743809671.4462512
47,,41.27,1743809671.4462512
47,,41.27,1743809671.4462512
24,,226.65,1743809671.4462512
24,,226.65,1743809671.4462512
56,‘é r,23.59,1743809672.8602717
56,‘é r,23.59,1743809672.8602717
47,,42.68,1743809672.8602717
47,,42.68,1743809672.8602717
24,,228.06,1743809672.8602717
24,,228.06,1743809672.8602717
56,Yn o,24.92,1743809674.1892812
56,Yn o,24.92,1743809674.1892812
47,,44.01,1743809674.1892812
47,,44.01,1743809674.1892812
24,,229.39,1743809674.1892812
24,,229.39,1743809674.1892812
56,2 +,26.33,1743809675.5985925
56,2 +,26.33,1743809675.5985925
47,te,45.42,1743809675.5985925
47,te,45.42,1743809675.5985925
24,,230.80,1743809675.5985925
24,,230.80,1743809675.5985925
56,é *,27.69,1743809676.960472
56,é *,27.69,1743809676.960472
47,,46.78,1743809676.960472
47,,46.78,1743809676.960472
24,,232.16,1743809676.960472
24,,232.16,1743809676.960472
56,,29.12,1743809678.3913667
56,,29.12,1743809678.3913667
47,,48.21,1743809678.3913667
47,,48.21,1743809678.3913667
24,,233.59,1743809678.3913667
24,,233.59,1743809678.3913667
56,P i *,30.44,1743809679.712277
56,P i *,30.44,1743809679.712277
47,| Be x *,49.53,1743809679.712277
47,| Be x *,49.53,1743809679.712277
24,,234.91,1743809679.712277
24,,234.91,1743809679.712277
56,é e .,31.90,1743809681.1656177
56,é e .,31.90,1743809681.1656177
24,,236.37,1743809681.1656177
24,,236.37,1743809681.1656177
56,,32.89,1743809682.159165
56,,32.89,1743809682.159165
24,,237.36,1743809682.159165
24,,237.36,1743809682.159165
56,é *,33.93,1743809683.2007518
56,é *,33.93,1743809683.2007518
24,,238.40,1743809683.2007518
24,,238.40,1743809683.2007518
56,go *N2,34.92,1743809684.1872542
56,go *N2,34.92,1743809684.1872542
47,| cg é ‘,54.01,1743809684.1872542
47,| cg é ‘,54.01,1743809684.1872542
24,,239.39,1743809684.1872542
24,,239.39,1743809684.1872542
56,4 e,36.30,1743809685.565919
56,4 e,36.30,1743809685.565919
47,,55.38,1743809685.565919
47,,55.38,1743809685.565919
24,,240.77,1743809685.565919
24,,240.77,1743809685.565919
56,,37.62,1743809686.8932602
56,,37.62,1743809686.8932602
47,x ‘ ry,56.71,1743809686.8932602
47,x ‘ ry,56.71,1743809686.8932602
24,,242.09,1743809686.8932602
24,,242.09,1743809686.8932602
56,,39.00,1743809688.2692761
56,,39.00,1743809688.2692761
24,,243.47,1743809688.2692761
24,,243.47,1743809688.2692761
56,Ps .,39.97,1743809689.2372997
56,Ps .,39.97,1743809689.2372997
24,,244.44,1743809689.2372997
24,,244.44,1743809689.2372997
56,J :,41.01,1743809690.2813492
56,J :,41.01,1743809690.2813492
24,,245.48,1743809690.2813492
24,,245.48,1743809690.2813492
56,a :,41.98,1743809691.2489524
56,a :,41.98,1743809691.2489524
24,,246.45,1743809691.2489524
24,,246.45,1743809691.2489524
56,,42.94,1743809692.2123423
56,,42.94,1743809692.2123423
24,,247.41,1743809692.2123423
24,,247.41,1743809692.2123423
56,«,43.90,1743809693.1732514
56,«,43.90,1743809693.1732514
24,,248.37,1743809693.1732514
24,,248.37,1743809693.1732514
56,é *,44.93,1743809694.199031
56,é *,44.93,1743809694.199031
24,,249.40,1743809694.199031
24,,249.40,1743809694.199031
56,é *,45.90,1743809695.1736176
56,é *,45.90,1743809695.1736176
24,,250.38,1743809695.1736176
24,,250.38,1743809695.1736176
56,é -,46.88,1743809696.1457615
56,é -,46.88,1743809696.1457615
24,,251.35,1743809696.1457615
24,,251.35,1743809696.1457615
56,é *,47.97,1743809697.2399375
56,é *,47.97,1743809697.2399375
24,,252.44,1743809697.2399375
24,,252.44,1743809697.2399375
56,é .,48.92,1743809698.1861956
56,é .,48.92,1743809698.1861956
24,,253.39,1743809698.1861956
24,,253.39,1743809698.1861956
3,,10.01,1743812920.297198
20,‘ ~~,,10.02,1743814201.490194
20,,10.06,1743814543.1060138
2,,10.00,1743814648.5218713
2,,10.00,1743814648.5218713
5,|,11.45,1743814652.053168
5,|,11.45,1743814652.053168
2,,13.53,1743814652.053168
2,,13.53,1743814652.053168
5,=,12.71,1743814653.3061807
5,=,12.71,1743814653.3061807
2,,14.79,1743814653.3061807
2,,14.79,1743814653.3061807
5,a,15.55,1743814656.1466017
5,a,15.55,1743814656.1466017
2,,17.63,1743814656.1466017
2,,17.63,1743814656.1466017
5,‘Ne,17.22,1743814657.8150458
5,‘Ne,17.22,1743814657.8150458
2,,19.29,1743814657.8150458
2,,19.29,1743814657.8150458
5,a,19.05,1743814659.6474266
5,a,19.05,1743814659.6474266
2,,21.13,1743814659.6474266
2,,21.13,1743814659.6474266
9,,14.35,1743814661.6566896
9,,14.35,1743814661.6566896
5,,21.06,1743814661.6566896
5,,21.06,1743814661.6566896
2,,23.14,1743814661.6566896
2,,23.14,1743814661.6566896
9,,17.12,1743814664.426811
9,,17.12,1743814664.426811
5,|,23.83,1743814664.426811
5,|,23.83,1743814664.426811
2,,25.91,1743814664.426811
2,,25.91,1743814664.426811
9,,19.68,1743814666.9906764
9,,19.68,1743814666.9906764
5,|,26.39,1743814666.9906764
5,|,26.39,1743814666.9906764
2,,28.47,1743814666.9906764
2,,28.47,1743814666.9906764
9,,23.18,1743814670.487122
9,,23.18,1743814670.487122
5,3,29.89,1743814670.487122
5,3,29.89,1743814670.487122
2,,31.97,1743814670.487122
2,,31.97,1743814670.487122
5,|,33.56,1743814674.1619697
5,|,33.56,1743814674.1619697
2,,35.64,1743814674.1619697
2,,35.64,1743814674.1619697
12,,15.52,1743814675.1682642
12,,15.52,1743814675.1682642
5,SS,34.57,1743814675.1682642
5,SS,34.57,1743814675.1682642
2,,36.65,1743814675.1682642
2,,36.65,1743814675.1682642
12,,17.02,1743814676.6705484
12,,17.02,1743814676.6705484
5,,36.07,1743814676.6705484
5,,36.07,1743814676.6705484
2,,38.15,1743814676.6705484
2,,38.15,1743814676.6705484
12,,18.89,1743814678.533584
12,,18.89,1743814678.533584
2,,40.01,1743814678.533584
2,,40.01,1743814678.533584
12,,20.37,1743814680.0148335
12,,20.37,1743814680.0148335
2,,41.49,1743814680.0148335
2,,41.49,1743814680.0148335
12,,21.48,1743814681.1270595
12,,21.48,1743814681.1270595
2,,42.61,1743814681.1270595
2,,42.61,1743814681.1270595
12,,22.54,1743814682.1854334
12,,22.54,1743814682.1854334
2,,43.66,1743814682.1854334
2,,43.66,1743814682.1854334
12,,23.56,1743814683.2076287
12,,23.56,1743814683.2076287
2,,44.69,1743814683.2076287
2,,44.69,1743814683.2076287
12,,24.77,1743814684.418563
12,,24.77,1743814684.418563
2,,45.90,1743814684.418563
2,,45.90,1743814684.418563
12,,25.93,1743814685.576434
12,,25.93,1743814685.576434
2,,47.06,1743814685.576434
2,,47.06,1743814685.576434
12,,27.00,1743814686.6463144
12,,27.00,1743814686.6463144
2,,48.13,1743814686.6463144
2,,48.13,1743814686.6463144
12,,28.11,1743814687.7546787
12,,28.11,1743814687.7546787
2,,49.23,1743814687.7546787
2,,49.23,1743814687.7546787
12,,29.16,1743814688.8051481
12,,29.16,1743814688.8051481
2,,50.28,1743814688.8051481
2,,50.28,1743814688.8051481
12,,30.45,1743814690.0966802
12,,30.45,1743814690.0966802
2,,51.58,1743814690.0966802
2,,51.58,1743814690.0966802
12,oi,31.57,1743814691.212619
12,oi,31.57,1743814691.212619
2,,52.69,1743814691.212619
2,,52.69,1743814691.212619
12,,32.74,1743814692.3903272
12,,32.74,1743814692.3903272
2,,53.87,1743814692.3903272
2,,53.87,1743814692.3903272
12,,33.87,1743814693.5196323
12,,33.87,1743814693.5196323
2,,55.00,1743814693.5196323
2,,55.00,1743814693.5196323
12,—-,35.05,1743814694.6955442
12,—-,35.05,1743814694.6955442
2,,56.17,1743814694.6955442
2,,56.17,1743814694.6955442
16,,10.26,1743814695.8333788
16,,10.26,1743814695.8333788
12,|,36.19,1743814695.8333788
12,|,36.19,1743814695.8333788
2,,57.31,1743814695.8333788
2,,57.31,1743814695.8333788
16,"ke y,12.17,1743814697.7455442
16,"ke y,12.17,1743814697.7455442
12,,38.10,1743814697.7455442
12,,38.10,1743814697.7455442
2,,59.22,1743814697.7455442
2,,59.22,1743814697.7455442
16,roe ¥,13.72,1743814699.2926674
16,roe ¥,13.72,1743814699.2926674
12,,39.65,1743814699.2926674
12,,39.65,1743814699.2926674
2,,60.77,1743814699.2926674
2,,60.77,1743814699.2926674
16,——,15.26,1743814700.840618
16,——,15.26,1743814700.840618
12,,41.19,1743814700.840618
12,,41.19,1743814700.840618
2,,62.32,1743814700.840618
2,,62.32,1743814700.840618
16,,16.84,1743814702.4195323
16,,16.84,1743814702.4195323
12,~=< 7%,42.77,1743814702.4195323
12,~=< 7%,42.77,1743814702.4195323
2,,63.90,1743814702.4195323
2,,63.90,1743814702.4195323
16,fai,18.33,1743814703.9106326
16,fai,18.33,1743814703.9106326
12,,44.26,1743814703.9106326
12,,44.26,1743814703.9106326
2,,65.39,1743814703.9106326
2,,65.39,1743814703.9106326
16,s "@e ¥,19.76,1743814705.3322697
16,s "@e ¥,19.76,1743814705.3322697
12,scow®,45.68,1743814705.3322697
12,scow®,45.68,1743814705.3322697
2,,66.81,1743814705.3322697
2,,66.81,1743814705.3322697
16,gf >. el,21.35,1743814706.92669
16,gf >. el,21.35,1743814706.92669
12,ee,47.28,1743814706.92669
12,ee,47.28,1743814706.92669
2,,68.41,1743814706.92669
2,,68.41,1743814706.92669
16,fo. oe,22.99,1743814708.5683253
16,fo. oe,22.99,1743814708.5683253
12,ee |,48.92,1743814708.5683253
12,ee |,48.92,1743814708.5683253
2,,70.05,1743814708.5683253
2,,70.05,1743814708.5683253
16,,24.57,1743814710.149731
16,,24.57,1743814710.149731
12,,50.50,1743814710.149731
12,,50.50,1743814710.149731
2,,71.63,1743814710.149731
2,,71.63,1743814710.149731
16,re,26.32,1743814711.8981063
16,re,26.32,1743814711.8981063
12,,52.25,1743814711.8981063
12,,52.25,1743814711.8981063
2,,73.38,1743814711.8981063
2,,73.38,1743814711.8981063
16,rr. .,27.74,1743814713.316154
16,rr. .,27.74,1743814713.316154
12,,53.67,1743814713.316154
12,,53.67,1743814713.316154
2,,74.80,1743814713.316154
2,,74.80,1743814713.316154
16,,29.29,1743814714.867709
16,,29.29,1743814714.867709
12,,55.22,1743814714.867709
12,,55.22,1743814714.867709
2,,76.35,1743814714.867709
2,,76.35,1743814714.867709
16,,30.77,1743814716.344895
16,,30.77,1743814716.344895
12,,56.70,1743814716.344895
12,,56.70,1743814716.344895
2,,77.82,1743814716.344895
2,,77.82,1743814716.344895
16,,32.25,1743814717.8281355
16,,32.25,1743814717.8281355
12,,58.18,1743814717.8281355
12,,58.18,1743814717.8281355
2,— .,79.31,1743814717.8281355
2,— .,79.31,1743814717.8281355
16,,34.04,1743814719.6117947
16,,34.04,1743814719.6117947
12,,59.96,1743814719.6117947
12,,59.96,1743814719.6117947
2,,81.09,1743814719.6117947
2,,81.09,1743814719.6117947
16,,35.64,1743814721.2126675
16,,35.64,1743814721.2126675
12,,61.57,1743814721.2126675
12,,61.57,1743814721.2126675
16,,36.89,1743814722.4644036
16,,36.89,1743814722.4644036
12,,62.82,1743814722.4644036
12,,62.82,1743814722.4644036
16,,38.22,1743814723.7969398
16,,38.22,1743814723.7969398
12,,64.15,1743814723.7969398
12,,64.15,1743814723.7969398
16,,39.52,1743814725.0921814
16,,39.52,1743814725.0921814
12,,65.44,1743814725.0921814
12,,65.44,1743814725.0921814
16,,40.79,1743814726.3668506
16,,40.79,1743814726.3668506
12,* 4 ~~,66.72,1743814726.3668506
12,* 4 ~~,66.72,1743814726.3668506
12,,68.05,1743814727.6933482
12,,68.05,1743814727.6933482
20,,10.04,1743814737.7346413
20,,10.04,1743814737.7346413
20,,10.72,1743814738.4085975
20,,10.72,1743814738.4085975
20,,11.34,1743814739.0321643
20,,11.34,1743814739.0321643
20,,11.99,1743814739.6848438
20,,11.99,1743814739.6848438
20,,12.66,1743814740.3538365
20,,12.66,1743814740.3538365
20,,13.38,1743814741.0723135
20,,13.38,1743814741.0723135
20,,14.32,1743814742.0151923
20,,14.32,1743814742.0151923
20,me | * P,15.37,1743814743.067819
20,me | * P,15.37,1743814743.067819
20,,16.57,1743814744.2647884
20,,16.57,1743814744.2647884
20,,17.14,1743814744.8370914
20,,17.14,1743814744.8370914
20,,17.69,1743814745.3835459
20,,17.69,1743814745.3835459
20,,18.25,1743814745.9481595
20,,18.25,1743814745.9481595
20,,18.78,1743814746.47159
20,,18.78,1743814746.47159
20,,19.29,1743814746.98375
20,,19.29,1743814746.98375
20,i: a,19.80,1743814747.4937146
20,i: a,19.80,1743814747.4937146
20,,20.40,1743814748.0953002
20,,20.40,1743814748.0953002
20,,20.97,1743814748.663478
20,,20.97,1743814748.663478
20,,21.49,1743814749.18407
20,,21.49,1743814749.18407
20,é a,22.04,1743814749.7286143
20,é a,22.04,1743814749.7286143
20,,22.61,1743814750.305799
20,,22.61,1743814750.305799
20,,23.11,1743814750.8059933
20,,23.11,1743814750.8059933
20,,23.61,1743814751.3039598
20,,23.61,1743814751.3039598
20,me,24.09,1743814751.7854714
20,me,24.09,1743814751.7854714
20,,24.69,1743814752.3791728
20,,24.69,1743814752.3791728
20,,25.23,1743814752.9282463
20,,25.23,1743814752.9282463
20,,25.77,1743814753.4624043
20,,25.77,1743814753.4624043
20,,26.31,1743814754.003944
20,,26.31,1743814754.003944
20,<: ',26.82,1743814754.516102
20,<: ',26.82,1743814754.516102
20,,27.45,1743814755.147407
20,,27.45,1743814755.147407
20,,28.01,1743814755.706174
20,,28.01,1743814755.706174
20,,28.58,1743814756.2725194
20,,28.58,1743814756.2725194
20,,29.10,1743814756.7974398
20,,29.10,1743814756.7974398
20,,29.64,1743814757.337473
20,,29.64,1743814757.337473
20,,30.16,1743814757.858318
20,,30.16,1743814757.858318
20,,30.68,1743814758.3771334
20,,30.68,1743814758.3771334
20,,31.21,1743814758.9070892
20,,31.21,1743814758.9070892
20,,31.78,1743814759.4777908
20,,31.78,1743814759.4777908
20,,32.35,1743814760.0414608
20,,32.35,1743814760.0414608
20,,32.89,1743814760.5852768
20,,32.89,1743814760.5852768
20,,33.40,1743814761.091397
20,,33.40,1743814761.091397
20,,33.96,1743814761.6542273
20,,33.96,1743814761.6542273
20,,34.47,1743814762.1590085
20,,34.47,1743814762.1590085
20,,35.00,1743814762.6966898
20,,35.00,1743814762.6966898
20,,35.53,1743814763.2188742
20,,35.53,1743814763.2188742
20,,36.07,1743814763.7682216
20,,36.07,1743814763.7682216
20,,36.60,1743814764.2910209
20,,36.60,1743814764.2910209
20,| vi |,37.14,1743814764.8327947
20,| vi |,37.14,1743814764.8327947
20,,37.80,1743814765.4979253
20,,37.80,1743814765.4979253
20,vi |,38.37,1743814766.0665808
20,vi |,38.37,1743814766.0665808
20,“sie |,39.36,1743814767.0488498
20,“sie |,39.36,1743814767.0488498
20,vi |,40.03,1743814767.7263846
20,vi |,40.03,1743814767.7263846
20,ii,40.76,1743814768.4493964
20,ii,40.76,1743814768.4493964
20,vi |,41.37,1743814769.0653026
20,vi |,41.37,1743814769.0653026
20,ve ,,42.01,1743814769.6988988
20,ve ,,42.01,1743814769.6988988
20,,42.81,1743814770.4986765
20,,42.81,1743814770.4986765
20,ie |,43.38,1743814771.0707467
20,ie |,43.38,1743814771.0707467
20,vin ia,43.98,1743814771.6769783
20,vin ia,43.98,1743814771.6769783
20,vi ,,44.61,1743814772.304049
20,vi ,,44.61,1743814772.304049
20,,45.26,1743814772.9521353
20,,45.26,1743814772.9521353
20,,45.87,1743814773.5641654
20,,45.87,1743814773.5641654
20,vi | ,,46.46,1743814774.1522794
20,vi | ,,46.46,1743814774.1522794
20,‘ie 5 |,47.13,1743814774.8210337
20,‘ie 5 |,47.13,1743814774.8210337
20,i , |,47.80,1743814775.4975193
20,i , |,47.80,1743814775.4975193
20,ie , |,48.44,1743814776.1294122
20,ie , |,48.44,1743814776.1294122
20,,49.31,1743814777.0008385
20,,49.31,1743814777.0008385
20,,49.99,1743814777.679634
20,,49.99,1743814777.679634
20,,50.70,1743814778.395246
20,,50.70,1743814778.395246
20,,51.36,1743814779.0519917
20,,51.36,1743814779.0519917
20,,52.29,1743814779.982424
20,,52.29,1743814779.982424
20,,53.15,1743814780.843543
20,,53.15,1743814780.843543
20,,54.00,1743814781.6959047
20,,54.00,1743814781.6959047
20,,54.88,1743814782.573835
20,,54.88,1743814782.573835
20,,55.65,1743814783.341333
20,,55.65,1743814783.341333
20,,56.49,1743814784.1855752
20,,56.49,1743814784.1855752
20,,57.41,1743814785.103241
20,,57.41,1743814785.103241
20,,58.36,1743814786.0514038
20,,58.36,1743814786.0514038
20,be sos,59.09,1743814786.7803383
20,be sos,59.09,1743814786.7803383
20,‘ ~~,,59.88,1743814787.578169
20,‘ ~~,,59.88,1743814787.578169
20,,60.87,1743814788.5585263
20,,60.87,1743814788.5585263
20,,61.69,1743814789.382475
20,,61.69,1743814789.382475
20,,62.34,1743814790.0333908
20,,62.34,1743814790.0333908
20,,63.10,1743814790.793618
20,,63.10,1743814790.793618
20,,64.00,1743814791.6957052
20,,64.00,1743814791.6957052
20,,64.76,1743814792.4532533
20,,64.76,1743814792.4532533
20,,65.41,1743814793.105226
20,,65.41,1743814793.105226
20,,66.15,1743814793.8428845
20,,66.15,1743814793.8428845
20,,66.81,1743814794.5035272
20,,66.81,1743814794.5035272
20,,67.53,1743814795.2281592
20,,67.53,1743814795.2281592
20,,68.37,1743814796.064887
20,,68.37,1743814796.064887
20,,69.08,1743814796.770817
20,,69.08,1743814796.770817
20,i |,69.82,1743814797.5097134
20,i |,69.82,1743814797.5097134
20,ia |,70.58,1743814798.2778165
20,ia |,70.58,1743814798.2778165
20,‘a 5 |,71.37,1743814799.0597792
20,‘a 5 |,71.37,1743814799.0597792
20,,72.13,1743814799.8280184
20,,72.13,1743814799.8280184
20,,72.82,1743814800.514993
20,,72.82,1743814800.514993
20,,73.58,1743814801.2771134
20,,73.58,1743814801.2771134
20,a 5 |,74.30,1743814801.9935026
20,a 5 |,74.30,1743814801.9935026
2,,10.08,1743815201.609379
2,,10.08,1743815201.609379
2,,11.49,1743815203.0148065
2,,11.49,1743815203.0148065
5,|,10.84,1743815203.9789946
5,|,10.84,1743815203.9789946
2,,12.45,1743815203.9789946
2,,12.45,1743815203.9789946
5,3,12.82,1743815205.9619231
5,3,12.82,1743815205.9619231
2,,14.43,1743815205.9619231
2,,14.43,1743815205.9619231
5,|,16.79,1743815209.9252586
5,|,16.79,1743815209.9252586
2,,18.40,1743815209.9252586
2,,18.40,1743815209.9252586
12,,12.94,1743815214.4292295
12,,12.94,1743815214.4292295
5,SS,21.29,1743815214.4292295
5,SS,21.29,1743815214.4292295
2,,22.90,1743815214.4292295
2,,22.90,1743815214.4292295
14,,11.29,1743815221.213277
14,,11.29,1743815221.213277
12,,19.72,1743815221.213277
12,,19.72,1743815221.213277
5,,28.08,1743815221.213277
5,,28.08,1743815221.213277
2,,29.69,1743815221.213277
2,,29.69,1743815221.213277
12,,25.06,1743815226.5538461
12,,25.06,1743815226.5538461
2,,35.03,1743815226.5538461
2,,35.03,1743815226.5538461
12,,26.89,1743815228.3750076
12,,26.89,1743815228.3750076
2,,36.85,1743815228.3750076
2,,36.85,1743815228.3750076
12,,28.35,1743815229.838475
12,,28.35,1743815229.838475
2,,38.31,1743815229.838475
2,,38.31,1743815229.838475
12,,29.88,1743815231.369517
12,,29.88,1743815231.369517
2,,39.84,1743815231.369517
2,,39.84,1743815231.369517
12,,31.43,1743815232.9231756
12,,31.43,1743815232.9231756
2,,41.40,1743815232.9231756
2,,41.40,1743815232.9231756
12,,33.05,1743815234.5405352
12,,33.05,1743815234.5405352
2,,43.01,1743815234.5405352
2,,43.01,1743815234.5405352
12,,35.02,1743815236.507938
12,,35.02,1743815236.507938
2,,44.98,1743815236.507938
2,,44.98,1743815236.507938
12,,38.50,1743815239.9877315
12,,38.50,1743815239.9877315
2,,48.46,1743815239.9877315
2,,48.46,1743815239.9877315
12,,40.61,1743815242.1024215
12,,40.61,1743815242.1024215
2,,50.58,1743815242.1024215
2,,50.58,1743815242.1024215
12,,42.12,1743815243.612698
12,,42.12,1743815243.612698
2,,52.09,1743815243.612698
2,,52.09,1743815243.612698
12,,43.80,1743815245.2908294
12,,43.80,1743815245.2908294
2,,53.76,1743815245.2908294
2,,53.76,1743815245.2908294
16,,* _,10.86,1743815247.363471
16,,* _,10.86,1743815247.363471
12,oi,45.87,1743815247.363471
12,oi,45.87,1743815247.363471
2,,55.84,1743815247.363471
2,,55.84,1743815247.363471
16,. —t,14.89,1743815251.395918
16,. —t,14.89,1743815251.395918
12,,49.91,1743815251.395918
12,,49.91,1743815251.395918
2,,59.87,1743815251.395918
2,,59.87,1743815251.395918
16,e. »,17.36,1743815253.8727922
16,e. »,17.36,1743815253.8727922
12,,52.38,1743815253.8727922
12,,52.38,1743815253.8727922
2,,62.35,1743815253.8727922
2,,62.35,1743815253.8727922
16,¢ = - y,19.73,1743815256.239007
16,¢ = - y,19.73,1743815256.239007
12,—-,54.75,1743815256.239007
12,—-,54.75,1743815256.239007
2,,64.71,1743815256.239007
2,,64.71,1743815256.239007
16,,22.02,1743815258.5241275
16,,22.02,1743815258.5241275
12,|,57.03,1743815258.5241275
12,|,57.03,1743815258.5241275
2,,67.00,1743815258.5241275
2,,67.00,1743815258.5241275
16,"ke y,24.68,1743815261.1883187
16,"ke y,24.68,1743815261.1883187
12,,59.70,1743815261.1883187
12,,59.70,1743815261.1883187
2,,69.66,1743815261.1883187
2,,69.66,1743815261.1883187
16,roe ¥,27.48,1743815263.9856706
16,roe ¥,27.48,1743815263.9856706
12,,62.50,1743815263.9856706
12,,62.50,1743815263.9856706
2,,72.46,1743815263.9856706
2,,72.46,1743815263.9856706
16,——,29.60,1743815266.1065383
16,——,29.60,1743815266.1065383
12,,64.62,1743815266.1065383
12,,64.62,1743815266.1065383
2,,74.58,1743815266.1065383
2,,74.58,1743815266.1065383
16,,32.55,1743815269.0607197
16,,32.55,1743815269.0607197
12,~=< 7%,67.57,1743815269.0607197
12,~=< 7%,67.57,1743815269.0607197
2,,77.53,1743815269.0607197
2,,77.53,1743815269.0607197
16,fai,35.24,1743815271.7478688
16,fai,35.24,1743815271.7478688
12,,70.26,1743815271.7478688
12,,70.26,1743815271.7478688
2,,80.22,1743815271.7478688
2,,80.22,1743815271.7478688
16,s "@e ¥,37.55,1743815274.0536385
16,s "@e ¥,37.55,1743815274.0536385
12,scow®,72.56,1743815274.0536385
12,scow®,72.56,1743815274.0536385
2,,82.53,1743815274.0536385
2,,82.53,1743815274.0536385
16,gf >. el,40.91,1743815277.418003
16,gf >. el,40.91,1743815277.418003
12,ee,75.93,1743815277.418003
12,ee,75.93,1743815277.418003
2,,85.89,1743815277.418003
2,,85.89,1743815277.418003
16,fo. oe,43.04,1743815279.5454729
16,fo. oe,43.04,1743815279.5454729
12,ee |,78.06,1743815279.5454729
12,ee |,78.06,1743815279.5454729
2,,88.02,1743815279.5454729
2,,88.02,1743815279.5454729
16,,46.37,1743815282.874999
16,,46.37,1743815282.874999
12,,81.39,1743815282.874999
12,,81.39,1743815282.874999
2,,91.35,1743815282.874999
2,,91.35,1743815282.874999
16,re,49.04,1743815285.5464478
16,re,49.04,1743815285.5464478
12,,84.06,1743815285.5464478
12,,84.06,1743815285.5464478
2,,94.02,1743815285.5464478
2,,94.02,1743815285.5464478
16,rr. .,51.37,1743815287.8763614
16,rr. .,51.37,1743815287.8763614
12,,86.39,1743815287.8763614
12,,86.39,1743815287.8763614
2,,96.35,1743815287.8763614
2,,96.35,1743815287.8763614
16,,53.48,1743815289.9920514
16,,53.48,1743815289.9920514
12,,88.50,1743815289.9920514
12,,88.50,1743815289.9920514
2,,98.46,1743815289.9920514
2,,98.46,1743815289.9920514
16,,55.43,1743815291.9411547
16,,55.43,1743815291.9411547
12,,90.45,1743815291.9411547
12,,90.45,1743815291.9411547
2,,100.41,1743815291.9411547
2,,100.41,1743815291.9411547
16,,57.36,1743815293.863479
16,,57.36,1743815293.863479
12,,92.37,1743815293.863479
12,,92.37,1743815293.863479
2,— .,102.34,1743815293.863479
2,— .,102.34,1743815293.863479
16,,59.31,1743815295.8134665
16,,59.31,1743815295.8134665
12,,94.32,1743815295.8134665
12,,94.32,1743815295.8134665
2,,104.29,1743815295.8134665
2,,104.29,1743815295.8134665
16,,61.34,1743815297.8432057
16,,61.34,1743815297.8432057
12,,96.35,1743815297.8432057
12,,96.35,1743815297.8432057
16,,62.64,1743815299.1525986
16,,62.64,1743815299.1525986
12,,97.66,1743815299.1525986
12,,97.66,1743815299.1525986
16,,63.83,1743815300.339645
16,,63.83,1743815300.339645
12,,98.85,1743815300.339645
12,,98.85,1743815300.339645
16,,65.32,1743815301.8246384
16,,65.32,1743815301.8246384
12,,100.33,1743815301.8246384
12,,100.33,1743815301.8246384
16,,66.51,1743815303.0192788
16,,66.51,1743815303.0192788
12,* 4 ~~,101.53,1743815303.0192788
12,* 4 ~~,101.53,1743815303.0192788
12,,102.77,1743815304.2584953
12,,102.77,1743815304.2584953
20,,10.03,1743815314.285919
20,,10.03,1743815314.285919
20,,10.99,1743815315.2446597
20,,10.99,1743815315.2446597
20,,12.36,1743815316.618026
20,,12.36,1743815316.618026
20,,13.67,1743815317.923899
20,,13.67,1743815317.923899
20,,14.63,1743815318.8857858
20,,14.63,1743815318.8857858
20,,15.65,1743815319.9077623
20,,15.65,1743815319.9077623
20,,16.59,1743815320.8494818
20,,16.59,1743815320.8494818
20,,17.44,1743815321.6948757
20,,17.44,1743815321.6948757
20,,18.39,1743815322.6447432
20,,18.39,1743815322.6447432
20,,19.32,1743815323.58014
20,,19.32,1743815323.58014
20,,20.72,1743815324.9784374
20,,20.72,1743815324.9784374
20,,21.60,1743815325.86043
20,,21.60,1743815325.86043
20,,22.54,1743815326.7966616
20,,22.54,1743815326.7966616
20,| vi |,23.50,1743815327.7591956
20,| vi |,23.50,1743815327.7591956
20,,24.43,1743815328.691927
20,,24.43,1743815328.691927
20,vi |,25.85,1743815330.1092408
20,vi |,25.85,1743815330.1092408
20,“sie |,26.83,1743815331.0885136
20,“sie |,26.83,1743815331.0885136
20,vi |,27.80,1743815332.0599804
20,vi |,27.80,1743815332.0599804
20,ii,28.90,1743815333.1604323
20,ii,28.90,1743815333.1604323
20,vi |,29.80,1743815334.0599449
20,vi |,29.80,1743815334.0599449
20,ve ,,30.78,1743815335.0434568
20,ve ,,30.78,1743815335.0434568
20,,31.72,1743815335.97517
20,,31.72,1743815335.97517
20,ie |,32.74,1743815337.0021174
20,ie |,32.74,1743815337.0021174
20,vin ia,33.61,1743815337.8660588
20,vin ia,33.61,1743815337.8660588
20,vi ,,34.55,1743815338.8097153
20,vi ,,34.55,1743815338.8097153
20,,35.40,1743815339.6605382
20,,35.40,1743815339.6605382
20,,36.62,1743815340.882824
20,,36.62,1743815340.882824
20,vi | ,,37.83,1743815342.09008
20,vi | ,,37.83,1743815342.09008
20,‘ie 5 |,39.37,1743815343.6297476
20,‘ie 5 |,39.37,1743815343.6297476
20,i , |,40.50,1743815344.757024
20,i , |,40.50,1743815344.757024
20,ie , |,41.47,1743815345.7297108
20,ie , |,41.47,1743815345.7297108
20,,42.48,1743815346.7357366
20,,42.48,1743815346.7357366
20,,43.43,1743815347.692567
20,,43.43,1743815347.692567
20,,44.84,1743815349.1012638
20,,44.84,1743815349.1012638
20,,46.01,1743815350.270208
20,,46.01,1743815350.270208
20,,46.95,1743815351.2124074
20,,46.95,1743815351.2124074
20,,48.34,1743815352.5940933
20,,48.34,1743815352.5940933
20,,49.50,1743815353.754823
20,,49.50,1743815353.754823
20,,50.50,1743815354.7618408
20,,50.50,1743815354.7618408
20,,51.41,1743815355.6693876
20,,51.41,1743815355.6693876
20,,53.12,1743815357.379961
20,,53.12,1743815357.379961
20,,54.70,1743815358.9590733
20,,54.70,1743815358.9590733
20,,56.25,1743815360.503978
20,,56.25,1743815360.503978
20,be sos,57.75,1743815362.0133736
20,be sos,57.75,1743815362.0133736
20,‘ ~~,,59.89,1743815364.153116
20,‘ ~~,,59.89,1743815364.153116
20,,61.06,1743815365.3189511
20,,61.06,1743815365.3189511
20,,61.98,1743815366.2346573
20,,61.98,1743815366.2346573
20,,62.81,1743815367.0722861
20,,62.81,1743815367.0722861
20,,63.73,1743815367.9879308
20,,63.73,1743815367.9879308
20,,64.63,1743815368.89236
20,,64.63,1743815368.89236
20,,65.43,1743815369.6918273
20,,65.43,1743815369.6918273
20,,66.24,1743815370.4982553
20,,66.24,1743815370.4982553
20,,67.24,1743815371.4956648
20,,67.24,1743815371.4956648
20,,68.18,1743815372.436028
20,,68.18,1743815372.436028
39,é },11.20,1743815373.218246
39,é },11.20,1743815373.218246
20,,68.96,1743815373.218246
20,,68.96,1743815373.218246
39,J } :,13.09,1743815375.107527
39,J } :,13.09,1743815375.107527
20,,70.85,1743815375.107527
20,,70.85,1743815375.107527
20,,72.68,1743815376.9431577
20,,72.68,1743815376.9431577
20,i |,73.50,1743815377.7558336
20,i |,73.50,1743815377.7558336
20,ia |,74.35,1743815378.6110477
20,ia |,74.35,1743815378.6110477
20,‘a 5 |,75.18,1743815379.4372592
20,‘a 5 |,75.18,1743815379.4372592
20,,76.00,1743815380.2621925
20,,76.00,1743815380.2621925
20,,77.09,1743815381.3506358
20,,77.09,1743815381.3506358
20,,77.84,1743815382.0968206
20,,77.84,1743815382.0968206
20,a 5 |,78.70,1743815382.9580634
20,a 5 |,78.70,1743815382.9580634
