Vehicle ID,Time Spent (s),Timestamp
23,10.15,2025-04-05 04:30:39
22,10.15,2025-04-05 04:30:39
20,10.15,2025-04-05 04:30:39
19,10.15,2025-04-05 04:30:39
18,10.15,2025-04-05 04:30:39
17,10.15,2025-04-05 04:30:39
16,10.15,2025-04-05 04:30:39
14,10.15,2025-04-05 04:30:39
13,10.15,2025-04-05 04:30:39
12,10.15,2025-04-05 04:30:39
11,10.15,2025-04-05 04:30:39
10,10.15,2025-04-05 04:30:39
9,10.15,2025-04-05 04:30:39
24,14.40,2025-04-05 04:30:44
23,14.74,2025-04-05 04:30:44
22,14.74,2025-04-05 04:30:44
20,14.74,2025-04-05 04:30:44
19,14.74,2025-04-05 04:30:44
18,14.74,2025-04-05 04:30:44
17,14.74,2025-04-05 04:30:44
16,14.74,2025-04-05 04:30:44
14,14.74,2025-04-05 04:30:44
13,14.74,2025-04-05 04:30:44
12,14.74,2025-04-05 04:30:44
11,14.74,2025-04-05 04:30:44
10,14.74,2025-04-05 04:30:44
9,14.74,2025-04-05 04:30:44
49,10.17,2025-04-05 04:30:47
46,10.39,2025-04-05 04:30:47
44,11.48,2025-04-05 04:30:47
38,12.36,2025-04-05 04:30:47
37,12.90,2025-04-05 04:30:47
24,17.50,2025-04-05 04:30:47
23,17.84,2025-04-05 04:30:47
22,17.84,2025-04-05 04:30:47
20,17.84,2025-04-05 04:30:47
19,17.84,2025-04-05 04:30:47
18,17.84,2025-04-05 04:30:47
17,17.84,2025-04-05 04:30:47
16,17.84,2025-04-05 04:30:47
14,17.84,2025-04-05 04:30:47
13,17.84,2025-04-05 04:30:47
12,17.84,2025-04-05 04:30:47
11,17.84,2025-04-05 04:30:47
10,17.84,2025-04-05 04:30:47
9,17.84,2025-04-05 04:30:47
57,11.99,2025-04-05 04:30:51
54,12.87,2025-04-05 04:30:51
53,13.72,2025-04-05 04:30:51
50,13.28,2025-04-05 04:30:51
49,14.24,2025-04-05 04:30:51
46,14.45,2025-04-05 04:30:51
44,15.54,2025-04-05 04:30:51
38,16.42,2025-04-05 04:30:51
37,16.97,2025-04-05 04:30:51
24,21.57,2025-04-05 04:30:51
23,21.90,2025-04-05 04:30:51
22,21.90,2025-04-05 04:30:51
20,21.90,2025-04-05 04:30:51
19,21.90,2025-04-05 04:30:51
18,21.90,2025-04-05 04:30:51
17,21.90,2025-04-05 04:30:51
16,21.90,2025-04-05 04:30:51
14,21.90,2025-04-05 04:30:51
13,21.90,2025-04-05 04:30:51
12,21.90,2025-04-05 04:30:51
11,21.90,2025-04-05 04:30:51
10,21.90,2025-04-05 04:30:51
9,21.90,2025-04-05 04:30:51
59,12.11,2025-04-05 04:30:56
57,16.94,2025-04-05 04:30:56
54,17.81,2025-04-05 04:30:56
53,18.67,2025-04-05 04:30:56
50,18.22,2025-04-05 04:30:56
49,19.18,2025-04-05 04:30:56
46,19.40,2025-04-05 04:30:56
44,20.49,2025-04-05 04:30:56
38,21.37,2025-04-05 04:30:56
37,21.91,2025-04-05 04:30:56
24,26.51,2025-04-05 04:30:56
23,26.85,2025-04-05 04:30:56
22,26.85,2025-04-05 04:30:56
20,26.85,2025-04-05 04:30:56
19,26.85,2025-04-05 04:30:56
18,26.85,2025-04-05 04:30:56
17,26.85,2025-04-05 04:30:56
16,26.85,2025-04-05 04:30:56
14,26.85,2025-04-05 04:30:56
13,26.85,2025-04-05 04:30:56
12,26.85,2025-04-05 04:30:56
11,26.85,2025-04-05 04:30:56
10,26.85,2025-04-05 04:30:56
9,26.85,2025-04-05 04:30:56
59,18.94,2025-04-05 04:31:03
57,23.77,2025-04-05 04:31:03
54,24.65,2025-04-05 04:31:03
53,25.50,2025-04-05 04:31:03
50,25.06,2025-04-05 04:31:03
49,26.01,2025-04-05 04:31:03
46,26.23,2025-04-05 04:31:03
44,27.32,2025-04-05 04:31:03
38,28.20,2025-04-05 04:31:03
37,28.75,2025-04-05 04:31:03
24,33.35,2025-04-05 04:31:03
23,33.68,2025-04-05 04:31:03
22,33.68,2025-04-05 04:31:03
20,33.68,2025-04-05 04:31:03
19,33.68,2025-04-05 04:31:03
18,33.68,2025-04-05 04:31:03
17,33.68,2025-04-05 04:31:03
16,33.68,2025-04-05 04:31:03
14,33.68,2025-04-05 04:31:03
13,33.68,2025-04-05 04:31:03
12,33.68,2025-04-05 04:31:03
11,33.68,2025-04-05 04:31:03
10,33.68,2025-04-05 04:31:03
9,33.68,2025-04-05 04:31:03
57,30.20,2025-04-05 04:31:09
54,31.07,2025-04-05 04:31:09
50,31.48,2025-04-05 04:31:09
49,32.44,2025-04-05 04:31:09
46,32.66,2025-04-05 04:31:09
44,33.75,2025-04-05 04:31:09
38,34.63,2025-04-05 04:31:09
37,35.17,2025-04-05 04:31:09
24,39.77,2025-04-05 04:31:09
23,40.10,2025-04-05 04:31:09
22,40.10,2025-04-05 04:31:09
20,40.10,2025-04-05 04:31:09
19,40.10,2025-04-05 04:31:09
18,40.10,2025-04-05 04:31:09
17,40.10,2025-04-05 04:31:09
16,40.10,2025-04-05 04:31:09
14,40.10,2025-04-05 04:31:09
13,40.10,2025-04-05 04:31:09
12,40.10,2025-04-05 04:31:09
11,40.10,2025-04-05 04:31:09
10,40.10,2025-04-05 04:31:09
9,40.10,2025-04-05 04:31:09
64,10.88,2025-04-05 04:31:14
57,34.65,2025-04-05 04:31:14
54,35.53,2025-04-05 04:31:14
50,35.94,2025-04-05 04:31:14
49,36.90,2025-04-05 04:31:14
46,37.11,2025-04-05 04:31:14
44,38.20,2025-04-05 04:31:14
38,39.08,2025-04-05 04:31:14
37,39.63,2025-04-05 04:31:14
24,44.23,2025-04-05 04:31:14
22,44.56,2025-04-05 04:31:14
20,44.56,2025-04-05 04:31:14
19,44.56,2025-04-05 04:31:14
18,44.56,2025-04-05 04:31:14
17,44.56,2025-04-05 04:31:14
16,44.56,2025-04-05 04:31:14
14,44.56,2025-04-05 04:31:14
13,44.56,2025-04-05 04:31:14
12,44.56,2025-04-05 04:31:14
11,44.56,2025-04-05 04:31:14
9,44.56,2025-04-05 04:31:14
57,38.86,2025-04-05 04:31:18
54,39.74,2025-04-05 04:31:18
50,40.15,2025-04-05 04:31:18
49,41.11,2025-04-05 04:31:18
46,41.32,2025-04-05 04:31:18
44,42.41,2025-04-05 04:31:18
38,43.29,2025-04-05 04:31:18
37,43.84,2025-04-05 04:31:18
24,48.44,2025-04-05 04:31:18
22,48.77,2025-04-05 04:31:18
20,48.77,2025-04-05 04:31:18
19,48.77,2025-04-05 04:31:18
17,48.77,2025-04-05 04:31:18
16,48.77,2025-04-05 04:31:18
14,48.77,2025-04-05 04:31:18
13,48.77,2025-04-05 04:31:18
12,48.77,2025-04-05 04:31:18
11,48.77,2025-04-05 04:31:18
9,48.77,2025-04-05 04:31:18
57,43.21,2025-04-05 04:31:22
54,44.08,2025-04-05 04:31:22
50,44.49,2025-04-05 04:31:22
46,45.66,2025-04-05 04:31:22
44,46.75,2025-04-05 04:31:22
38,47.63,2025-04-05 04:31:22
37,48.18,2025-04-05 04:31:22
24,52.78,2025-04-05 04:31:22
22,53.11,2025-04-05 04:31:22
20,53.11,2025-04-05 04:31:22
19,53.11,2025-04-05 04:31:22
17,53.11,2025-04-05 04:31:22
16,53.11,2025-04-05 04:31:22
14,53.11,2025-04-05 04:31:22
13,53.11,2025-04-05 04:31:22
12,53.11,2025-04-05 04:31:22
11,53.11,2025-04-05 04:31:22
9,53.11,2025-04-05 04:31:22
57,47.23,2025-04-05 04:31:26
54,48.10,2025-04-05 04:31:26
50,48.51,2025-04-05 04:31:26
46,49.69,2025-04-05 04:31:26
44,50.78,2025-04-05 04:31:26
38,51.66,2025-04-05 04:31:26
37,52.20,2025-04-05 04:31:26
24,56.80,2025-04-05 04:31:26
22,57.14,2025-04-05 04:31:26
20,57.14,2025-04-05 04:31:26
19,57.14,2025-04-05 04:31:26
17,57.14,2025-04-05 04:31:26
16,57.14,2025-04-05 04:31:26
14,57.14,2025-04-05 04:31:26
13,57.14,2025-04-05 04:31:26
12,57.14,2025-04-05 04:31:26
11,57.14,2025-04-05 04:31:26
9,57.14,2025-04-05 04:31:26
57,51.14,2025-04-05 04:31:30
54,52.02,2025-04-05 04:31:30
50,52.43,2025-04-05 04:31:30
46,53.60,2025-04-05 04:31:30
44,54.69,2025-04-05 04:31:30
38,55.57,2025-04-05 04:31:30
37,56.12,2025-04-05 04:31:30
24,60.72,2025-04-05 04:31:30
22,61.05,2025-04-05 04:31:30
20,61.05,2025-04-05 04:31:30
19,61.05,2025-04-05 04:31:30
17,61.05,2025-04-05 04:31:30
16,61.05,2025-04-05 04:31:30
14,61.05,2025-04-05 04:31:30
13,61.05,2025-04-05 04:31:30
12,61.05,2025-04-05 04:31:30
11,61.05,2025-04-05 04:31:30
9,61.05,2025-04-05 04:31:30
57,54.84,2025-04-05 04:31:34
54,55.72,2025-04-05 04:31:34
50,56.13,2025-04-05 04:31:34
46,57.30,2025-04-05 04:31:34
44,58.39,2025-04-05 04:31:34
38,59.27,2025-04-05 04:31:34
37,59.82,2025-04-05 04:31:34
24,64.42,2025-04-05 04:31:34
22,64.75,2025-04-05 04:31:34
20,64.75,2025-04-05 04:31:34
19,64.75,2025-04-05 04:31:34
17,64.75,2025-04-05 04:31:34
16,64.75,2025-04-05 04:31:34
14,64.75,2025-04-05 04:31:34
13,64.75,2025-04-05 04:31:34
12,64.75,2025-04-05 04:31:34
11,64.75,2025-04-05 04:31:34
9,64.75,2025-04-05 04:31:34
57,332.48,2025-04-05 04:36:11
54,333.35,2025-04-05 04:36:11
50,333.76,2025-04-05 04:36:11
46,334.94,2025-04-05 04:36:11
44,336.03,2025-04-05 04:36:11
38,336.91,2025-04-05 04:36:11
37,337.45,2025-04-05 04:36:11
24,342.05,2025-04-05 04:36:11
22,342.39,2025-04-05 04:36:11
20,342.39,2025-04-05 04:36:11
19,342.39,2025-04-05 04:36:11
17,342.39,2025-04-05 04:36:11
16,342.39,2025-04-05 04:36:11
14,342.39,2025-04-05 04:36:11
13,342.39,2025-04-05 04:36:11
12,342.39,2025-04-05 04:36:11
11,342.39,2025-04-05 04:36:11
9,342.39,2025-04-05 04:36:11
57,337.29,2025-04-05 04:36:16
54,338.17,2025-04-05 04:36:16
50,338.58,2025-04-05 04:36:16
46,339.75,2025-04-05 04:36:16
44,340.84,2025-04-05 04:36:16
38,341.72,2025-04-05 04:36:16
37,342.27,2025-04-05 04:36:16
24,346.87,2025-04-05 04:36:16
22,347.20,2025-04-05 04:36:16
20,347.20,2025-04-05 04:36:16
19,347.20,2025-04-05 04:36:16
17,347.20,2025-04-05 04:36:16
16,347.20,2025-04-05 04:36:16
14,347.20,2025-04-05 04:36:16
13,347.20,2025-04-05 04:36:16
12,347.20,2025-04-05 04:36:16
11,347.20,2025-04-05 04:36:16
9,347.20,2025-04-05 04:36:16
57,341.08,2025-04-05 04:36:20
54,341.95,2025-04-05 04:36:20
50,342.36,2025-04-05 04:36:20
46,343.53,2025-04-05 04:36:20
44,344.62,2025-04-05 04:36:20
38,345.50,2025-04-05 04:36:20
37,346.05,2025-04-05 04:36:20
24,350.65,2025-04-05 04:36:20
3,10.13,2025-04-05 04:58:13
3,10.13,2025-04-05 04:58:13
2,10.13,2025-04-05 04:58:13
2,10.13,2025-04-05 04:58:13
3,12.05,2025-04-05 04:58:15
3,12.05,2025-04-05 04:58:15
2,12.05,2025-04-05 04:58:15
2,12.05,2025-04-05 04:58:15
3,13.14,2025-04-05 04:58:16
3,13.14,2025-04-05 04:58:16
2,13.14,2025-04-05 04:58:16
2,13.14,2025-04-05 04:58:16
3,14.56,2025-04-05 04:58:17
3,14.56,2025-04-05 04:58:17
2,14.56,2025-04-05 04:58:17
2,14.56,2025-04-05 04:58:17
3,15.85,2025-04-05 04:58:19
3,15.85,2025-04-05 04:58:19
2,15.85,2025-04-05 04:58:19
2,15.85,2025-04-05 04:58:19
3,21.61,2025-04-05 04:58:24
3,21.61,2025-04-05 04:58:24
2,21.61,2025-04-05 04:58:24
2,21.61,2025-04-05 04:58:24
6,17.86,2025-04-05 04:58:26
6,17.86,2025-04-05 04:58:26
3,23.19,2025-04-05 04:58:26
3,23.19,2025-04-05 04:58:26
2,23.19,2025-04-05 04:58:26
2,23.19,2025-04-05 04:58:26
6,19.47,2025-04-05 04:58:28
6,19.47,2025-04-05 04:58:28
3,24.80,2025-04-05 04:58:28
3,24.80,2025-04-05 04:58:28
2,24.80,2025-04-05 04:58:28
2,24.80,2025-04-05 04:58:28
6,20.89,2025-04-05 04:58:29
6,20.89,2025-04-05 04:58:29
3,26.23,2025-04-05 04:58:29
3,26.23,2025-04-05 04:58:29
2,26.23,2025-04-05 04:58:29
2,26.23,2025-04-05 04:58:29
6,22.55,2025-04-05 04:58:31
6,22.55,2025-04-05 04:58:31
3,27.88,2025-04-05 04:58:31
3,27.88,2025-04-05 04:58:31
2,27.88,2025-04-05 04:58:31
2,27.88,2025-04-05 04:58:31
6,24.08,2025-04-05 04:58:32
6,24.08,2025-04-05 04:58:32
3,29.42,2025-04-05 04:58:32
3,29.42,2025-04-05 04:58:32
2,29.42,2025-04-05 04:58:32
2,29.42,2025-04-05 04:58:32
6,25.55,2025-04-05 04:58:34
6,25.55,2025-04-05 04:58:34
3,30.89,2025-04-05 04:58:34
3,30.89,2025-04-05 04:58:34
2,30.89,2025-04-05 04:58:34
2,30.89,2025-04-05 04:58:34
6,27.02,2025-04-05 04:58:35
6,27.02,2025-04-05 04:58:35
3,32.36,2025-04-05 04:58:35
3,32.36,2025-04-05 04:58:35
2,32.36,2025-04-05 04:58:35
2,32.36,2025-04-05 04:58:35
6,28.48,2025-04-05 04:58:37
6,28.48,2025-04-05 04:58:37
3,33.81,2025-04-05 04:58:37
3,33.81,2025-04-05 04:58:37
2,33.81,2025-04-05 04:58:37
2,33.81,2025-04-05 04:58:37
6,30.03,2025-04-05 04:58:38
6,30.03,2025-04-05 04:58:38
3,35.37,2025-04-05 04:58:38
3,35.37,2025-04-05 04:58:38
2,35.37,2025-04-05 04:58:38
2,35.37,2025-04-05 04:58:38
6,32.59,2025-04-05 04:58:41
6,32.59,2025-04-05 04:58:41
2,37.93,2025-04-05 04:58:41
2,37.93,2025-04-05 04:58:41
6,33.71,2025-04-05 04:58:42
6,33.71,2025-04-05 04:58:42
2,39.05,2025-04-05 04:58:42
2,39.05,2025-04-05 04:58:42
6,34.84,2025-04-05 04:58:43
6,34.84,2025-04-05 04:58:43
2,40.18,2025-04-05 04:58:43
2,40.18,2025-04-05 04:58:43
6,35.96,2025-04-05 04:58:44
6,35.96,2025-04-05 04:58:44
2,41.29,2025-04-05 04:58:44
2,41.29,2025-04-05 04:58:44
6,37.07,2025-04-05 04:58:45
6,37.07,2025-04-05 04:58:45
2,42.41,2025-04-05 04:58:45
2,42.41,2025-04-05 04:58:45
6,38.17,2025-04-05 04:58:46
6,38.17,2025-04-05 04:58:46
2,43.50,2025-04-05 04:58:46
2,43.50,2025-04-05 04:58:46
6,39.25,2025-04-05 04:58:47
6,39.25,2025-04-05 04:58:47
2,44.59,2025-04-05 04:58:47
2,44.59,2025-04-05 04:58:47
6,40.37,2025-04-05 04:58:48
6,40.37,2025-04-05 04:58:48
2,45.71,2025-04-05 04:58:48
2,45.71,2025-04-05 04:58:48
6,41.44,2025-04-05 04:58:50
6,41.44,2025-04-05 04:58:50
2,46.77,2025-04-05 04:58:50
2,46.77,2025-04-05 04:58:50
6,42.53,2025-04-05 04:58:51
6,42.53,2025-04-05 04:58:51
2,47.87,2025-04-05 04:58:51
2,47.87,2025-04-05 04:58:51
6,43.68,2025-04-05 04:58:52
6,43.68,2025-04-05 04:58:52
2,49.01,2025-04-05 04:58:52
2,49.01,2025-04-05 04:58:52
6,44.75,2025-04-05 04:58:53
6,44.75,2025-04-05 04:58:53
2,50.09,2025-04-05 04:58:53
2,50.09,2025-04-05 04:58:53
10,11.04,2025-04-05 04:58:54
10,11.04,2025-04-05 04:58:54
6,45.89,2025-04-05 04:58:54
6,45.89,2025-04-05 04:58:54
2,51.22,2025-04-05 04:58:54
2,51.22,2025-04-05 04:58:54
10,12.51,2025-04-05 04:58:55
10,12.51,2025-04-05 04:58:55
6,47.35,2025-04-05 04:58:55
6,47.35,2025-04-05 04:58:55
2,52.69,2025-04-05 04:58:55
2,52.69,2025-04-05 04:58:55
10,14.10,2025-04-05 04:58:57
10,14.10,2025-04-05 04:58:57
6,48.94,2025-04-05 04:58:57
6,48.94,2025-04-05 04:58:57
2,54.28,2025-04-05 04:58:57
2,54.28,2025-04-05 04:58:57
10,15.63,2025-04-05 04:58:59
10,15.63,2025-04-05 04:58:59
6,50.47,2025-04-05 04:58:59
6,50.47,2025-04-05 04:58:59
2,55.81,2025-04-05 04:58:59
2,55.81,2025-04-05 04:58:59
10,17.25,2025-04-05 04:59:00
10,17.25,2025-04-05 04:59:00
6,52.09,2025-04-05 04:59:00
6,52.09,2025-04-05 04:59:00
2,57.43,2025-04-05 04:59:00
2,57.43,2025-04-05 04:59:00
10,18.72,2025-04-05 04:59:02
10,18.72,2025-04-05 04:59:02
6,53.56,2025-04-05 04:59:02
6,53.56,2025-04-05 04:59:02
2,58.90,2025-04-05 04:59:02
2,58.90,2025-04-05 04:59:02
12,10.45,2025-04-05 04:59:03
12,10.45,2025-04-05 04:59:03
10,20.36,2025-04-05 04:59:03
10,20.36,2025-04-05 04:59:03
6,55.20,2025-04-05 04:59:03
6,55.20,2025-04-05 04:59:03
2,60.54,2025-04-05 04:59:03
2,60.54,2025-04-05 04:59:03
12,12.54,2025-04-05 04:59:05
12,12.54,2025-04-05 04:59:05
10,22.45,2025-04-05 04:59:05
10,22.45,2025-04-05 04:59:05
6,57.29,2025-04-05 04:59:05
6,57.29,2025-04-05 04:59:05
2,62.63,2025-04-05 04:59:05
2,62.63,2025-04-05 04:59:05
12,14.49,2025-04-05 04:59:07
12,14.49,2025-04-05 04:59:07
10,24.41,2025-04-05 04:59:07
10,24.41,2025-04-05 04:59:07
6,59.25,2025-04-05 04:59:07
6,59.25,2025-04-05 04:59:07
2,64.58,2025-04-05 04:59:07
2,64.58,2025-04-05 04:59:07
12,16.51,2025-04-05 04:59:09
12,16.51,2025-04-05 04:59:09
10,26.42,2025-04-05 04:59:09
10,26.42,2025-04-05 04:59:09
6,61.26,2025-04-05 04:59:09
6,61.26,2025-04-05 04:59:09
2,66.60,2025-04-05 04:59:09
2,66.60,2025-04-05 04:59:09
12,18.57,2025-04-05 04:59:11
12,18.57,2025-04-05 04:59:11
10,28.49,2025-04-05 04:59:11
10,28.49,2025-04-05 04:59:11
6,63.33,2025-04-05 04:59:11
6,63.33,2025-04-05 04:59:11
2,68.67,2025-04-05 04:59:11
2,68.67,2025-04-05 04:59:11
12,21.00,2025-04-05 04:59:14
12,21.00,2025-04-05 04:59:14
10,30.92,2025-04-05 04:59:14
10,30.92,2025-04-05 04:59:14
6,65.76,2025-04-05 04:59:14
6,65.76,2025-04-05 04:59:14
2,71.10,2025-04-05 04:59:14
2,71.10,2025-04-05 04:59:14
12,22.99,2025-04-05 04:59:16
12,22.99,2025-04-05 04:59:16
10,32.91,2025-04-05 04:59:16
10,32.91,2025-04-05 04:59:16
6,67.75,2025-04-05 04:59:16
6,67.75,2025-04-05 04:59:16
2,73.09,2025-04-05 04:59:16
2,73.09,2025-04-05 04:59:16
12,24.93,2025-04-05 04:59:18
12,24.93,2025-04-05 04:59:18
10,34.84,2025-04-05 04:59:18
10,34.84,2025-04-05 04:59:18
6,69.68,2025-04-05 04:59:18
6,69.68,2025-04-05 04:59:18
2,75.02,2025-04-05 04:59:18
2,75.02,2025-04-05 04:59:18
12,27.03,2025-04-05 04:59:20
12,27.03,2025-04-05 04:59:20
10,36.95,2025-04-05 04:59:20
10,36.95,2025-04-05 04:59:20
6,71.79,2025-04-05 04:59:20
6,71.79,2025-04-05 04:59:20
2,77.13,2025-04-05 04:59:20
2,77.13,2025-04-05 04:59:20
12,29.12,2025-04-05 04:59:22
12,29.12,2025-04-05 04:59:22
10,39.03,2025-04-05 04:59:22
10,39.03,2025-04-05 04:59:22
6,73.87,2025-04-05 04:59:22
6,73.87,2025-04-05 04:59:22
2,79.21,2025-04-05 04:59:22
2,79.21,2025-04-05 04:59:22
12,30.89,2025-04-05 04:59:24
12,30.89,2025-04-05 04:59:24
10,40.80,2025-04-05 04:59:24
10,40.80,2025-04-05 04:59:24
6,75.64,2025-04-05 04:59:24
6,75.64,2025-04-05 04:59:24
2,80.98,2025-04-05 04:59:24
2,80.98,2025-04-05 04:59:24
12,32.70,2025-04-05 04:59:26
12,32.70,2025-04-05 04:59:26
10,42.61,2025-04-05 04:59:26
10,42.61,2025-04-05 04:59:26
6,77.45,2025-04-05 04:59:26
6,77.45,2025-04-05 04:59:26
2,82.79,2025-04-05 04:59:26
2,82.79,2025-04-05 04:59:26
12,34.51,2025-04-05 04:59:27
12,34.51,2025-04-05 04:59:27
10,44.43,2025-04-05 04:59:27
10,44.43,2025-04-05 04:59:27
6,79.27,2025-04-05 04:59:27
6,79.27,2025-04-05 04:59:27
2,84.61,2025-04-05 04:59:27
2,84.61,2025-04-05 04:59:27
12,36.29,2025-04-05 04:59:29
12,36.29,2025-04-05 04:59:29
10,46.20,2025-04-05 04:59:29
10,46.20,2025-04-05 04:59:29
2,86.38,2025-04-05 04:59:29
2,86.38,2025-04-05 04:59:29
12,37.65,2025-04-05 04:59:31
12,37.65,2025-04-05 04:59:31
10,47.56,2025-04-05 04:59:31
10,47.56,2025-04-05 04:59:31
2,87.74,2025-04-05 04:59:31
2,87.74,2025-04-05 04:59:31
12,38.97,2025-04-05 04:59:32
12,38.97,2025-04-05 04:59:32
10,48.88,2025-04-05 04:59:32
10,48.88,2025-04-05 04:59:32
2,89.06,2025-04-05 04:59:32
2,89.06,2025-04-05 04:59:32
12,40.34,2025-04-05 04:59:33
12,40.34,2025-04-05 04:59:33
10,50.25,2025-04-05 04:59:33
10,50.25,2025-04-05 04:59:33
6,85.10,2025-04-05 04:59:33
6,85.10,2025-04-05 04:59:33
2,90.43,2025-04-05 04:59:33
2,90.43,2025-04-05 04:59:33
12,42.07,2025-04-05 04:59:35
12,42.07,2025-04-05 04:59:35
10,51.98,2025-04-05 04:59:35
10,51.98,2025-04-05 04:59:35
6,86.83,2025-04-05 04:59:35
6,86.83,2025-04-05 04:59:35
2,92.16,2025-04-05 04:59:35
2,92.16,2025-04-05 04:59:35
12,43.92,2025-04-05 04:59:37
12,43.92,2025-04-05 04:59:37
10,53.83,2025-04-05 04:59:37
10,53.83,2025-04-05 04:59:37
6,88.67,2025-04-05 04:59:37
6,88.67,2025-04-05 04:59:37
2,94.01,2025-04-05 04:59:37
2,94.01,2025-04-05 04:59:37
12,45.73,2025-04-05 04:59:39
12,45.73,2025-04-05 04:59:39
10,55.64,2025-04-05 04:59:39
10,55.64,2025-04-05 04:59:39
6,90.48,2025-04-05 04:59:39
6,90.48,2025-04-05 04:59:39
2,95.82,2025-04-05 04:59:39
2,95.82,2025-04-05 04:59:39
12,48.13,2025-04-05 04:59:41
12,48.13,2025-04-05 04:59:41
10,58.05,2025-04-05 04:59:41
10,58.05,2025-04-05 04:59:41
6,92.89,2025-04-05 04:59:41
6,92.89,2025-04-05 04:59:41
2,98.23,2025-04-05 04:59:41
2,98.23,2025-04-05 04:59:41
12,49.92,2025-04-05 04:59:43
12,49.92,2025-04-05 04:59:43
10,59.83,2025-04-05 04:59:43
10,59.83,2025-04-05 04:59:43
6,94.67,2025-04-05 04:59:43
6,94.67,2025-04-05 04:59:43
2,100.01,2025-04-05 04:59:43
2,100.01,2025-04-05 04:59:43
12,52.01,2025-04-05 04:59:45
12,52.01,2025-04-05 04:59:45
10,61.92,2025-04-05 04:59:45
10,61.92,2025-04-05 04:59:45
6,96.76,2025-04-05 04:59:45
6,96.76,2025-04-05 04:59:45
2,102.10,2025-04-05 04:59:45
2,102.10,2025-04-05 04:59:45
12,53.76,2025-04-05 04:59:47
12,53.76,2025-04-05 04:59:47
10,63.67,2025-04-05 04:59:47
10,63.67,2025-04-05 04:59:47
6,98.52,2025-04-05 04:59:47
6,98.52,2025-04-05 04:59:47
2,103.85,2025-04-05 04:59:47
2,103.85,2025-04-05 04:59:47
12,55.54,2025-04-05 04:59:48
12,55.54,2025-04-05 04:59:48
10,65.45,2025-04-05 04:59:48
10,65.45,2025-04-05 04:59:48
6,100.29,2025-04-05 04:59:48
6,100.29,2025-04-05 04:59:48
2,105.63,2025-04-05 04:59:48
2,105.63,2025-04-05 04:59:48
12,57.26,2025-04-05 04:59:50
12,57.26,2025-04-05 04:59:50
10,67.18,2025-04-05 04:59:50
10,67.18,2025-04-05 04:59:50
6,102.02,2025-04-05 04:59:50
6,102.02,2025-04-05 04:59:50
2,107.36,2025-04-05 04:59:50
2,107.36,2025-04-05 04:59:50
12,58.98,2025-04-05 04:59:52
12,58.98,2025-04-05 04:59:52
10,68.89,2025-04-05 04:59:52
10,68.89,2025-04-05 04:59:52
6,103.74,2025-04-05 04:59:52
6,103.74,2025-04-05 04:59:52
2,109.07,2025-04-05 04:59:52
2,109.07,2025-04-05 04:59:52
12,60.78,2025-04-05 04:59:54
12,60.78,2025-04-05 04:59:54
10,70.69,2025-04-05 04:59:54
10,70.69,2025-04-05 04:59:54
6,105.54,2025-04-05 04:59:54
6,105.54,2025-04-05 04:59:54
2,110.87,2025-04-05 04:59:54
2,110.87,2025-04-05 04:59:54
12,62.51,2025-04-05 04:59:55
12,62.51,2025-04-05 04:59:55
10,72.42,2025-04-05 04:59:55
10,72.42,2025-04-05 04:59:55
6,107.26,2025-04-05 04:59:55
6,107.26,2025-04-05 04:59:55
2,112.60,2025-04-05 04:59:55
2,112.60,2025-04-05 04:59:55
12,64.23,2025-04-05 04:59:57
12,64.23,2025-04-05 04:59:57
10,74.14,2025-04-05 04:59:57
10,74.14,2025-04-05 04:59:57
6,108.98,2025-04-05 04:59:57
6,108.98,2025-04-05 04:59:57
2,114.32,2025-04-05 04:59:57
2,114.32,2025-04-05 04:59:57
12,65.95,2025-04-05 04:59:59
12,65.95,2025-04-05 04:59:59
10,75.86,2025-04-05 04:59:59
10,75.86,2025-04-05 04:59:59
6,110.70,2025-04-05 04:59:59
6,110.70,2025-04-05 04:59:59
2,116.04,2025-04-05 04:59:59
2,116.04,2025-04-05 04:59:59
12,67.65,2025-04-05 05:00:01
12,67.65,2025-04-05 05:00:01
10,77.56,2025-04-05 05:00:01
10,77.56,2025-04-05 05:00:01
6,112.41,2025-04-05 05:00:01
6,112.41,2025-04-05 05:00:01
2,117.74,2025-04-05 05:00:01
2,117.74,2025-04-05 05:00:01
12,69.30,2025-04-05 05:00:02
12,69.30,2025-04-05 05:00:02
10,79.22,2025-04-05 05:00:02
10,79.22,2025-04-05 05:00:02
6,114.06,2025-04-05 05:00:02
6,114.06,2025-04-05 05:00:02
2,119.40,2025-04-05 05:00:02
2,119.40,2025-04-05 05:00:02
12,71.01,2025-04-05 05:00:04
12,71.01,2025-04-05 05:00:04
10,80.92,2025-04-05 05:00:04
10,80.92,2025-04-05 05:00:04
6,115.76,2025-04-05 05:00:04
6,115.76,2025-04-05 05:00:04
2,121.10,2025-04-05 05:00:04
2,121.10,2025-04-05 05:00:04
12,72.72,2025-04-05 05:00:06
12,72.72,2025-04-05 05:00:06
10,82.63,2025-04-05 05:00:06
10,82.63,2025-04-05 05:00:06
6,117.48,2025-04-05 05:00:06
6,117.48,2025-04-05 05:00:06
2,122.81,2025-04-05 05:00:06
2,122.81,2025-04-05 05:00:06
12,74.46,2025-04-05 05:00:07
12,74.46,2025-04-05 05:00:07
10,84.37,2025-04-05 05:00:07
10,84.37,2025-04-05 05:00:07
6,119.21,2025-04-05 05:00:07
6,119.21,2025-04-05 05:00:07
2,124.55,2025-04-05 05:00:07
2,124.55,2025-04-05 05:00:07
12,76.71,2025-04-05 05:00:10
12,76.71,2025-04-05 05:00:10
10,86.63,2025-04-05 05:00:10
10,86.63,2025-04-05 05:00:10
6,121.47,2025-04-05 05:00:10
6,121.47,2025-04-05 05:00:10
12,78.28,2025-04-05 05:00:11
12,78.28,2025-04-05 05:00:11
10,88.20,2025-04-05 05:00:11
10,88.20,2025-04-05 05:00:11
6,123.04,2025-04-05 05:00:11
6,123.04,2025-04-05 05:00:11
12,79.66,2025-04-05 05:00:13
12,79.66,2025-04-05 05:00:13
10,89.58,2025-04-05 05:00:13
10,89.58,2025-04-05 05:00:13
6,124.42,2025-04-05 05:00:13
6,124.42,2025-04-05 05:00:13
12,81.14,2025-04-05 05:00:14
12,81.14,2025-04-05 05:00:14
10,91.05,2025-04-05 05:00:14
10,91.05,2025-04-05 05:00:14
6,125.89,2025-04-05 05:00:14
6,125.89,2025-04-05 05:00:14
12,82.49,2025-04-05 05:00:15
12,82.49,2025-04-05 05:00:15
10,92.41,2025-04-05 05:00:15
10,92.41,2025-04-05 05:00:15
6,127.25,2025-04-05 05:00:15
6,127.25,2025-04-05 05:00:15
12,83.87,2025-04-05 05:00:17
12,83.87,2025-04-05 05:00:17
10,93.79,2025-04-05 05:00:17
10,93.79,2025-04-05 05:00:17
6,128.63,2025-04-05 05:00:17
6,128.63,2025-04-05 05:00:17
12,85.31,2025-04-05 05:00:18
12,85.31,2025-04-05 05:00:18
10,95.22,2025-04-05 05:00:18
10,95.22,2025-04-05 05:00:18
6,130.06,2025-04-05 05:00:18
6,130.06,2025-04-05 05:00:18
12,86.67,2025-04-05 05:00:20
12,86.67,2025-04-05 05:00:20
10,96.59,2025-04-05 05:00:20
10,96.59,2025-04-05 05:00:20
6,131.43,2025-04-05 05:00:20
6,131.43,2025-04-05 05:00:20
12,88.11,2025-04-05 05:00:21
12,88.11,2025-04-05 05:00:21
10,98.03,2025-04-05 05:00:21
10,98.03,2025-04-05 05:00:21
6,132.87,2025-04-05 05:00:21
6,132.87,2025-04-05 05:00:21
12,89.47,2025-04-05 05:00:22
12,89.47,2025-04-05 05:00:22
10,99.38,2025-04-05 05:00:22
10,99.38,2025-04-05 05:00:22
6,134.22,2025-04-05 05:00:22
6,134.22,2025-04-05 05:00:22
12,90.86,2025-04-05 05:00:24
12,90.86,2025-04-05 05:00:24
10,100.77,2025-04-05 05:00:24
10,100.77,2025-04-05 05:00:24
6,135.62,2025-04-05 05:00:24
6,135.62,2025-04-05 05:00:24
12,92.19,2025-04-05 05:00:25
12,92.19,2025-04-05 05:00:25
10,102.11,2025-04-05 05:00:25
10,102.11,2025-04-05 05:00:25
6,136.95,2025-04-05 05:00:25
6,136.95,2025-04-05 05:00:25
12,93.75,2025-04-05 05:00:27
12,93.75,2025-04-05 05:00:27
10,103.66,2025-04-05 05:00:27
10,103.66,2025-04-05 05:00:27
6,138.50,2025-04-05 05:00:27
6,138.50,2025-04-05 05:00:27
12,95.13,2025-04-05 05:00:28
12,95.13,2025-04-05 05:00:28
10,105.05,2025-04-05 05:00:28
10,105.05,2025-04-05 05:00:28
6,139.89,2025-04-05 05:00:28
6,139.89,2025-04-05 05:00:28
12,96.61,2025-04-05 05:00:29
12,96.61,2025-04-05 05:00:29
10,106.52,2025-04-05 05:00:29
10,106.52,2025-04-05 05:00:29
6,141.37,2025-04-05 05:00:29
6,141.37,2025-04-05 05:00:29
12,97.93,2025-04-05 05:00:31
12,97.93,2025-04-05 05:00:31
10,107.84,2025-04-05 05:00:31
10,107.84,2025-04-05 05:00:31
6,142.68,2025-04-05 05:00:31
6,142.68,2025-04-05 05:00:31
12,99.33,2025-04-05 05:00:32
12,99.33,2025-04-05 05:00:32
10,109.24,2025-04-05 05:00:32
10,109.24,2025-04-05 05:00:32
6,144.08,2025-04-05 05:00:32
6,144.08,2025-04-05 05:00:32
12,100.63,2025-04-05 05:00:34
12,100.63,2025-04-05 05:00:34
10,110.54,2025-04-05 05:00:34
10,110.54,2025-04-05 05:00:34
6,145.38,2025-04-05 05:00:34
6,145.38,2025-04-05 05:00:34
12,102.04,2025-04-05 05:00:35
12,102.04,2025-04-05 05:00:35
10,111.96,2025-04-05 05:00:35
10,111.96,2025-04-05 05:00:35
6,146.80,2025-04-05 05:00:35
6,146.80,2025-04-05 05:00:35
12,103.38,2025-04-05 05:00:36
12,103.38,2025-04-05 05:00:36
10,113.29,2025-04-05 05:00:36
10,113.29,2025-04-05 05:00:36
6,148.13,2025-04-05 05:00:36
6,148.13,2025-04-05 05:00:36
12,104.68,2025-04-05 05:00:38
12,104.68,2025-04-05 05:00:38
10,114.60,2025-04-05 05:00:38
10,114.60,2025-04-05 05:00:38
6,149.44,2025-04-05 05:00:38
6,149.44,2025-04-05 05:00:38
12,106.27,2025-04-05 05:00:39
12,106.27,2025-04-05 05:00:39
10,116.18,2025-04-05 05:00:39
10,116.18,2025-04-05 05:00:39
12,107.38,2025-04-05 05:00:40
12,107.38,2025-04-05 05:00:40
10,117.29,2025-04-05 05:00:40
10,117.29,2025-04-05 05:00:40
12,108.45,2025-04-05 05:00:41
12,108.45,2025-04-05 05:00:41
10,118.36,2025-04-05 05:00:41
10,118.36,2025-04-05 05:00:41
12,109.45,2025-04-05 05:00:42
12,109.45,2025-04-05 05:00:42
10,119.36,2025-04-05 05:00:42
10,119.36,2025-04-05 05:00:42
12,110.36,2025-04-05 05:00:43
12,110.36,2025-04-05 05:00:43
10,120.27,2025-04-05 05:00:43
10,120.27,2025-04-05 05:00:43
12,111.42,2025-04-05 05:00:44
12,111.42,2025-04-05 05:00:44
10,121.34,2025-04-05 05:00:44
10,121.34,2025-04-05 05:00:44
12,112.40,2025-04-05 05:00:45
12,112.40,2025-04-05 05:00:45
10,122.31,2025-04-05 05:00:45
10,122.31,2025-04-05 05:00:45
12,113.32,2025-04-05 05:00:46
12,113.32,2025-04-05 05:00:46
10,123.23,2025-04-05 05:00:46
10,123.23,2025-04-05 05:00:46
12,114.23,2025-04-05 05:00:47
12,114.23,2025-04-05 05:00:47
10,124.14,2025-04-05 05:00:47
10,124.14,2025-04-05 05:00:47
12,115.36,2025-04-05 05:00:48
12,115.36,2025-04-05 05:00:48
10,125.28,2025-04-05 05:00:48
10,125.28,2025-04-05 05:00:48
12,116.73,2025-04-05 05:00:50
12,116.73,2025-04-05 05:00:50
10,126.64,2025-04-05 05:00:50
10,126.64,2025-04-05 05:00:50
10,128.05,2025-04-05 05:00:51
10,128.05,2025-04-05 05:00:51
10,129.13,2025-04-05 05:00:52
10,129.13,2025-04-05 05:00:52
10,130.03,2025-04-05 05:00:53
10,130.03,2025-04-05 05:00:53
10,131.28,2025-04-05 05:00:54
10,131.28,2025-04-05 05:00:54
24,10.92,2025-04-05 05:00:55
24,10.92,2025-04-05 05:00:55
10,132.26,2025-04-05 05:00:55
10,132.26,2025-04-05 05:00:55
24,12.27,2025-04-05 05:00:57
24,12.27,2025-04-05 05:00:57
10,133.61,2025-04-05 05:00:57
10,133.61,2025-04-05 05:00:57
24,13.62,2025-04-05 05:00:58
24,13.62,2025-04-05 05:00:58
10,134.95,2025-04-05 05:00:58
10,134.95,2025-04-05 05:00:58
24,15.11,2025-04-05 05:00:59
24,15.11,2025-04-05 05:00:59
10,136.44,2025-04-05 05:00:59
10,136.44,2025-04-05 05:00:59
24,16.93,2025-04-05 05:01:01
24,16.93,2025-04-05 05:01:01
10,138.27,2025-04-05 05:01:01
10,138.27,2025-04-05 05:01:01
25,11.30,2025-04-05 05:01:03
25,11.30,2025-04-05 05:01:03
24,19.10,2025-04-05 05:01:03
24,19.10,2025-04-05 05:01:03
10,140.43,2025-04-05 05:01:03
10,140.43,2025-04-05 05:01:03
25,13.43,2025-04-05 05:01:06
25,13.43,2025-04-05 05:01:06
24,21.23,2025-04-05 05:01:06
24,21.23,2025-04-05 05:01:06
10,142.56,2025-04-05 05:01:06
10,142.56,2025-04-05 05:01:06
25,15.52,2025-04-05 05:01:08
25,15.52,2025-04-05 05:01:08
24,23.31,2025-04-05 05:01:08
24,23.31,2025-04-05 05:01:08
10,144.65,2025-04-05 05:01:08
10,144.65,2025-04-05 05:01:08
25,17.65,2025-04-05 05:01:10
25,17.65,2025-04-05 05:01:10
24,25.44,2025-04-05 05:01:10
24,25.44,2025-04-05 05:01:10
10,146.78,2025-04-05 05:01:10
10,146.78,2025-04-05 05:01:10
25,19.66,2025-04-05 05:01:12
25,19.66,2025-04-05 05:01:12
24,27.46,2025-04-05 05:01:12
24,27.46,2025-04-05 05:01:12
10,148.80,2025-04-05 05:01:12
10,148.80,2025-04-05 05:01:12
25,21.24,2025-04-05 05:01:13
25,21.24,2025-04-05 05:01:13
24,29.03,2025-04-05 05:01:13
24,29.03,2025-04-05 05:01:13
25,22.66,2025-04-05 05:01:15
25,22.66,2025-04-05 05:01:15
24,30.46,2025-04-05 05:01:15
24,30.46,2025-04-05 05:01:15
25,23.94,2025-04-05 05:01:16
25,23.94,2025-04-05 05:01:16
24,31.74,2025-04-05 05:01:16
24,31.74,2025-04-05 05:01:16
25,24.95,2025-04-05 05:01:17
25,24.95,2025-04-05 05:01:17
24,32.74,2025-04-05 05:01:17
24,32.74,2025-04-05 05:01:17
25,25.98,2025-04-05 05:01:18
25,25.98,2025-04-05 05:01:18
24,33.78,2025-04-05 05:01:18
24,33.78,2025-04-05 05:01:18
25,27.07,2025-04-05 05:01:19
25,27.07,2025-04-05 05:01:19
24,34.87,2025-04-05 05:01:19
24,34.87,2025-04-05 05:01:19
25,28.54,2025-04-05 05:01:21
25,28.54,2025-04-05 05:01:21
24,36.33,2025-04-05 05:01:21
24,36.33,2025-04-05 05:01:21
25,29.97,2025-04-05 05:01:22
25,29.97,2025-04-05 05:01:22
24,37.77,2025-04-05 05:01:22
24,37.77,2025-04-05 05:01:22
25,31.49,2025-04-05 05:01:24
25,31.49,2025-04-05 05:01:24
24,39.28,2025-04-05 05:01:24
24,39.28,2025-04-05 05:01:24
25,33.01,2025-04-05 05:01:25
25,33.01,2025-04-05 05:01:25
24,40.80,2025-04-05 05:01:25
24,40.80,2025-04-05 05:01:25
25,34.42,2025-04-05 05:01:27
25,34.42,2025-04-05 05:01:27
24,42.21,2025-04-05 05:01:27
24,42.21,2025-04-05 05:01:27
25,36.25,2025-04-05 05:01:28
25,36.25,2025-04-05 05:01:28
24,44.04,2025-04-05 05:01:28
24,44.04,2025-04-05 05:01:28
25,38.02,2025-04-05 05:01:30
25,38.02,2025-04-05 05:01:30
24,45.81,2025-04-05 05:01:30
24,45.81,2025-04-05 05:01:30
25,41.74,2025-04-05 05:01:34
25,41.74,2025-04-05 05:01:34
24,49.54,2025-04-05 05:01:34
24,49.54,2025-04-05 05:01:34
25,46.30,2025-04-05 05:01:38
25,46.30,2025-04-05 05:01:38
24,54.10,2025-04-05 05:01:38
24,54.10,2025-04-05 05:01:38
25,48.00,2025-04-05 05:01:40
25,48.00,2025-04-05 05:01:40
24,55.79,2025-04-05 05:01:40
24,55.79,2025-04-05 05:01:40
25,49.82,2025-04-05 05:01:42
25,49.82,2025-04-05 05:01:42
24,57.62,2025-04-05 05:01:42
24,57.62,2025-04-05 05:01:42
25,51.61,2025-04-05 05:01:44
25,51.61,2025-04-05 05:01:44
24,59.40,2025-04-05 05:01:44
24,59.40,2025-04-05 05:01:44
25,53.24,2025-04-05 05:01:45
25,53.24,2025-04-05 05:01:45
24,61.04,2025-04-05 05:01:45
24,61.04,2025-04-05 05:01:45
25,54.77,2025-04-05 05:01:47
25,54.77,2025-04-05 05:01:47
24,62.56,2025-04-05 05:01:47
24,62.56,2025-04-05 05:01:47
34,10.52,2025-04-05 05:01:49
34,10.52,2025-04-05 05:01:49
25,56.83,2025-04-05 05:01:49
25,56.83,2025-04-05 05:01:49
24,64.62,2025-04-05 05:01:49
24,64.62,2025-04-05 05:01:49
34,12.58,2025-04-05 05:01:51
34,12.58,2025-04-05 05:01:51
25,58.89,2025-04-05 05:01:51
25,58.89,2025-04-05 05:01:51
24,66.68,2025-04-05 05:01:51
24,66.68,2025-04-05 05:01:51
25,61.18,2025-04-05 05:01:53
25,61.18,2025-04-05 05:01:53
24,68.97,2025-04-05 05:01:53
24,68.97,2025-04-05 05:01:53
25,63.98,2025-04-05 05:01:56
25,63.98,2025-04-05 05:01:56
24,71.77,2025-04-05 05:01:56
24,71.77,2025-04-05 05:01:56
25,67.06,2025-04-05 05:01:59
25,67.06,2025-04-05 05:01:59
24,74.85,2025-04-05 05:01:59
24,74.85,2025-04-05 05:01:59
25,68.79,2025-04-05 05:02:01
25,68.79,2025-04-05 05:02:01
24,76.59,2025-04-05 05:02:01
24,76.59,2025-04-05 05:02:01
25,70.85,2025-04-05 05:02:03
25,70.85,2025-04-05 05:02:03
24,78.65,2025-04-05 05:02:03
24,78.65,2025-04-05 05:02:03
25,72.09,2025-04-05 05:02:04
25,72.09,2025-04-05 05:02:04
24,79.89,2025-04-05 05:02:04
24,79.89,2025-04-05 05:02:04
25,73.81,2025-04-05 05:02:06
25,73.81,2025-04-05 05:02:06
24,81.61,2025-04-05 05:02:06
24,81.61,2025-04-05 05:02:06
36,11.59,2025-04-05 05:02:08
36,11.59,2025-04-05 05:02:08
25,75.57,2025-04-05 05:02:08
25,75.57,2025-04-05 05:02:08
24,83.37,2025-04-05 05:02:08
24,83.37,2025-04-05 05:02:08
36,13.62,2025-04-05 05:02:10
36,13.62,2025-04-05 05:02:10
25,77.60,2025-04-05 05:02:10
25,77.60,2025-04-05 05:02:10
24,85.39,2025-04-05 05:02:10
24,85.39,2025-04-05 05:02:10
36,15.54,2025-04-05 05:02:12
36,15.54,2025-04-05 05:02:12
25,79.52,2025-04-05 05:02:12
25,79.52,2025-04-05 05:02:12
24,87.31,2025-04-05 05:02:12
24,87.31,2025-04-05 05:02:12
36,17.61,2025-04-05 05:02:14
36,17.61,2025-04-05 05:02:14
25,81.59,2025-04-05 05:02:14
25,81.59,2025-04-05 05:02:14
24,89.39,2025-04-05 05:02:14
24,89.39,2025-04-05 05:02:14
36,19.79,2025-04-05 05:02:16
36,19.79,2025-04-05 05:02:16
25,83.77,2025-04-05 05:02:16
25,83.77,2025-04-05 05:02:16
24,91.56,2025-04-05 05:02:16
24,91.56,2025-04-05 05:02:16
36,21.41,2025-04-05 05:02:17
36,21.41,2025-04-05 05:02:17
25,85.39,2025-04-05 05:02:17
25,85.39,2025-04-05 05:02:17
24,93.19,2025-04-05 05:02:17
24,93.19,2025-04-05 05:02:17
36,22.96,2025-04-05 05:02:19
36,22.96,2025-04-05 05:02:19
25,86.94,2025-04-05 05:02:19
25,86.94,2025-04-05 05:02:19
24,94.73,2025-04-05 05:02:19
24,94.73,2025-04-05 05:02:19
36,24.41,2025-04-05 05:02:20
36,24.41,2025-04-05 05:02:20
25,88.39,2025-04-05 05:02:20
25,88.39,2025-04-05 05:02:20
24,96.18,2025-04-05 05:02:20
24,96.18,2025-04-05 05:02:20
36,26.27,2025-04-05 05:02:22
36,26.27,2025-04-05 05:02:22
25,90.25,2025-04-05 05:02:22
25,90.25,2025-04-05 05:02:22
24,98.05,2025-04-05 05:02:22
24,98.05,2025-04-05 05:02:22
36,28.29,2025-04-05 05:02:24
36,28.29,2025-04-05 05:02:24
25,92.27,2025-04-05 05:02:24
25,92.27,2025-04-05 05:02:24
24,100.06,2025-04-05 05:02:24
24,100.06,2025-04-05 05:02:24
36,29.90,2025-04-05 05:02:26
36,29.90,2025-04-05 05:02:26
25,93.87,2025-04-05 05:02:26
25,93.87,2025-04-05 05:02:26
24,101.67,2025-04-05 05:02:26
24,101.67,2025-04-05 05:02:26
36,31.67,2025-04-05 05:02:28
36,31.67,2025-04-05 05:02:28
25,95.65,2025-04-05 05:02:28
25,95.65,2025-04-05 05:02:28
24,103.44,2025-04-05 05:02:28
24,103.44,2025-04-05 05:02:28
36,33.57,2025-04-05 05:02:30
36,33.57,2025-04-05 05:02:30
25,97.55,2025-04-05 05:02:30
25,97.55,2025-04-05 05:02:30
24,105.34,2025-04-05 05:02:30
24,105.34,2025-04-05 05:02:30
36,35.39,2025-04-05 05:02:31
36,35.39,2025-04-05 05:02:31
25,99.37,2025-04-05 05:02:31
25,99.37,2025-04-05 05:02:31
24,107.17,2025-04-05 05:02:31
24,107.17,2025-04-05 05:02:31
36,37.09,2025-04-05 05:02:33
36,37.09,2025-04-05 05:02:33
25,101.07,2025-04-05 05:02:33
25,101.07,2025-04-05 05:02:33
24,108.87,2025-04-05 05:02:33
24,108.87,2025-04-05 05:02:33
36,38.82,2025-04-05 05:02:35
36,38.82,2025-04-05 05:02:35
25,102.80,2025-04-05 05:02:35
25,102.80,2025-04-05 05:02:35
24,110.59,2025-04-05 05:02:35
24,110.59,2025-04-05 05:02:35
36,40.72,2025-04-05 05:02:37
36,40.72,2025-04-05 05:02:37
25,104.70,2025-04-05 05:02:37
25,104.70,2025-04-05 05:02:37
24,112.49,2025-04-05 05:02:37
24,112.49,2025-04-05 05:02:37
36,42.56,2025-04-05 05:02:39
36,42.56,2025-04-05 05:02:39
25,106.54,2025-04-05 05:02:39
25,106.54,2025-04-05 05:02:39
24,114.34,2025-04-05 05:02:39
24,114.34,2025-04-05 05:02:39
38,11.45,2025-04-05 05:02:41
38,11.45,2025-04-05 05:02:41
36,45.02,2025-04-05 05:02:41
36,45.02,2025-04-05 05:02:41
25,109.00,2025-04-05 05:02:41
25,109.00,2025-04-05 05:02:41
24,116.79,2025-04-05 05:02:41
24,116.79,2025-04-05 05:02:41
38,13.94,2025-04-05 05:02:44
38,13.94,2025-04-05 05:02:44
36,47.51,2025-04-05 05:02:44
36,47.51,2025-04-05 05:02:44
25,111.49,2025-04-05 05:02:44
25,111.49,2025-04-05 05:02:44
24,119.29,2025-04-05 05:02:44
24,119.29,2025-04-05 05:02:44
38,16.24,2025-04-05 05:02:46
38,16.24,2025-04-05 05:02:46
36,49.81,2025-04-05 05:02:46
36,49.81,2025-04-05 05:02:46
25,113.79,2025-04-05 05:02:46
25,113.79,2025-04-05 05:02:46
24,121.58,2025-04-05 05:02:46
24,121.58,2025-04-05 05:02:46
38,18.32,2025-04-05 05:02:48
38,18.32,2025-04-05 05:02:48
36,51.89,2025-04-05 05:02:48
36,51.89,2025-04-05 05:02:48
25,115.86,2025-04-05 05:02:48
25,115.86,2025-04-05 05:02:48
24,123.66,2025-04-05 05:02:48
24,123.66,2025-04-05 05:02:48
38,20.35,2025-04-05 05:02:50
38,20.35,2025-04-05 05:02:50
36,53.91,2025-04-05 05:02:50
36,53.91,2025-04-05 05:02:50
25,117.89,2025-04-05 05:02:50
25,117.89,2025-04-05 05:02:50
24,125.69,2025-04-05 05:02:50
24,125.69,2025-04-05 05:02:50
38,22.57,2025-04-05 05:02:52
38,22.57,2025-04-05 05:02:52
36,56.14,2025-04-05 05:02:52
36,56.14,2025-04-05 05:02:52
25,120.11,2025-04-05 05:02:52
25,120.11,2025-04-05 05:02:52
24,127.91,2025-04-05 05:02:52
24,127.91,2025-04-05 05:02:52
38,24.53,2025-04-05 05:02:54
38,24.53,2025-04-05 05:02:54
36,58.10,2025-04-05 05:02:54
36,58.10,2025-04-05 05:02:54
25,122.08,2025-04-05 05:02:54
25,122.08,2025-04-05 05:02:54
24,129.88,2025-04-05 05:02:54
24,129.88,2025-04-05 05:02:54
38,27.06,2025-04-05 05:02:57
38,27.06,2025-04-05 05:02:57
36,60.63,2025-04-05 05:02:57
36,60.63,2025-04-05 05:02:57
25,124.61,2025-04-05 05:02:57
25,124.61,2025-04-05 05:02:57
24,132.41,2025-04-05 05:02:57
24,132.41,2025-04-05 05:02:57
38,29.44,2025-04-05 05:02:59
38,29.44,2025-04-05 05:02:59
36,63.01,2025-04-05 05:02:59
36,63.01,2025-04-05 05:02:59
25,126.99,2025-04-05 05:02:59
25,126.99,2025-04-05 05:02:59
24,134.78,2025-04-05 05:02:59
24,134.78,2025-04-05 05:02:59
38,31.87,2025-04-05 05:03:02
38,31.87,2025-04-05 05:03:02
25,129.41,2025-04-05 05:03:02
25,129.41,2025-04-05 05:03:02
24,137.21,2025-04-05 05:03:02
24,137.21,2025-04-05 05:03:02
38,33.36,2025-04-05 05:03:03
38,33.36,2025-04-05 05:03:03
25,130.91,2025-04-05 05:03:03
25,130.91,2025-04-05 05:03:03
24,138.71,2025-04-05 05:03:03
24,138.71,2025-04-05 05:03:03
38,34.96,2025-04-05 05:03:05
38,34.96,2025-04-05 05:03:05
25,132.51,2025-04-05 05:03:05
25,132.51,2025-04-05 05:03:05
24,140.30,2025-04-05 05:03:05
24,140.30,2025-04-05 05:03:05
38,36.51,2025-04-05 05:03:06
38,36.51,2025-04-05 05:03:06
25,134.05,2025-04-05 05:03:06
25,134.05,2025-04-05 05:03:06
24,141.85,2025-04-05 05:03:06
24,141.85,2025-04-05 05:03:06
38,38.05,2025-04-05 05:03:08
38,38.05,2025-04-05 05:03:08
25,135.60,2025-04-05 05:03:08
25,135.60,2025-04-05 05:03:08
24,143.40,2025-04-05 05:03:08
24,143.40,2025-04-05 05:03:08
38,39.87,2025-04-05 05:03:10
38,39.87,2025-04-05 05:03:10
25,137.42,2025-04-05 05:03:10
25,137.42,2025-04-05 05:03:10
24,145.21,2025-04-05 05:03:10
24,145.21,2025-04-05 05:03:10
38,41.41,2025-04-05 05:03:11
38,41.41,2025-04-05 05:03:11
25,138.96,2025-04-05 05:03:11
25,138.96,2025-04-05 05:03:11
24,146.76,2025-04-05 05:03:11
24,146.76,2025-04-05 05:03:11
38,43.02,2025-04-05 05:03:13
38,43.02,2025-04-05 05:03:13
25,140.56,2025-04-05 05:03:13
25,140.56,2025-04-05 05:03:13
24,148.36,2025-04-05 05:03:13
24,148.36,2025-04-05 05:03:13
38,44.60,2025-04-05 05:03:14
38,44.60,2025-04-05 05:03:14
25,142.15,2025-04-05 05:03:14
25,142.15,2025-04-05 05:03:14
24,149.94,2025-04-05 05:03:14
24,149.94,2025-04-05 05:03:14
38,46.23,2025-04-05 05:03:16
38,46.23,2025-04-05 05:03:16
25,143.78,2025-04-05 05:03:16
25,143.78,2025-04-05 05:03:16
24,151.57,2025-04-05 05:03:16
24,151.57,2025-04-05 05:03:16
38,47.71,2025-04-05 05:03:17
38,47.71,2025-04-05 05:03:17
25,145.26,2025-04-05 05:03:17
25,145.26,2025-04-05 05:03:17
24,153.06,2025-04-05 05:03:17
24,153.06,2025-04-05 05:03:17
38,49.08,2025-04-05 05:03:19
38,49.08,2025-04-05 05:03:19
25,146.63,2025-04-05 05:03:19
25,146.63,2025-04-05 05:03:19
24,154.42,2025-04-05 05:03:19
24,154.42,2025-04-05 05:03:19
43,10.81,2025-04-05 05:03:20
43,10.81,2025-04-05 05:03:20
38,50.68,2025-04-05 05:03:20
38,50.68,2025-04-05 05:03:20
25,148.22,2025-04-05 05:03:20
25,148.22,2025-04-05 05:03:20
24,156.02,2025-04-05 05:03:20
24,156.02,2025-04-05 05:03:20
43,12.65,2025-04-05 05:03:22
43,12.65,2025-04-05 05:03:22
38,52.52,2025-04-05 05:03:22
38,52.52,2025-04-05 05:03:22
25,150.07,2025-04-05 05:03:22
25,150.07,2025-04-05 05:03:22
24,157.86,2025-04-05 05:03:22
24,157.86,2025-04-05 05:03:22
43,14.37,2025-04-05 05:03:24
43,14.37,2025-04-05 05:03:24
38,54.24,2025-04-05 05:03:24
38,54.24,2025-04-05 05:03:24
25,151.79,2025-04-05 05:03:24
25,151.79,2025-04-05 05:03:24
24,159.59,2025-04-05 05:03:24
24,159.59,2025-04-05 05:03:24
43,16.16,2025-04-05 05:03:26
43,16.16,2025-04-05 05:03:26
38,56.04,2025-04-05 05:03:26
38,56.04,2025-04-05 05:03:26
24,161.38,2025-04-05 05:03:26
24,161.38,2025-04-05 05:03:26
43,17.54,2025-04-05 05:03:27
43,17.54,2025-04-05 05:03:27
38,57.41,2025-04-05 05:03:27
38,57.41,2025-04-05 05:03:27
24,162.76,2025-04-05 05:03:27
24,162.76,2025-04-05 05:03:27
43,19.03,2025-04-05 05:03:29
43,19.03,2025-04-05 05:03:29
38,58.90,2025-04-05 05:03:29
38,58.90,2025-04-05 05:03:29
24,164.24,2025-04-05 05:03:29
24,164.24,2025-04-05 05:03:29
43,20.40,2025-04-05 05:03:30
43,20.40,2025-04-05 05:03:30
24,165.61,2025-04-05 05:03:30
24,165.61,2025-04-05 05:03:30
43,21.35,2025-04-05 05:03:31
43,21.35,2025-04-05 05:03:31
24,166.56,2025-04-05 05:03:31
24,166.56,2025-04-05 05:03:31
43,22.40,2025-04-05 05:03:32
43,22.40,2025-04-05 05:03:32
24,167.61,2025-04-05 05:03:32
24,167.61,2025-04-05 05:03:32
43,23.41,2025-04-05 05:03:33
43,23.41,2025-04-05 05:03:33
24,168.63,2025-04-05 05:03:33
24,168.63,2025-04-05 05:03:33
43,24.53,2025-04-05 05:03:34
43,24.53,2025-04-05 05:03:34
24,169.75,2025-04-05 05:03:34
24,169.75,2025-04-05 05:03:34
43,25.51,2025-04-05 05:03:35
43,25.51,2025-04-05 05:03:35
24,170.72,2025-04-05 05:03:35
24,170.72,2025-04-05 05:03:35
43,26.48,2025-04-05 05:03:36
43,26.48,2025-04-05 05:03:36
24,171.69,2025-04-05 05:03:36
24,171.69,2025-04-05 05:03:36
43,27.53,2025-04-05 05:03:37
43,27.53,2025-04-05 05:03:37
24,172.74,2025-04-05 05:03:37
24,172.74,2025-04-05 05:03:37
43,28.50,2025-04-05 05:03:38
43,28.50,2025-04-05 05:03:38
24,173.71,2025-04-05 05:03:38
24,173.71,2025-04-05 05:03:38
43,29.50,2025-04-05 05:03:39
43,29.50,2025-04-05 05:03:39
24,174.72,2025-04-05 05:03:39
24,174.72,2025-04-05 05:03:39
43,30.57,2025-04-05 05:03:40
43,30.57,2025-04-05 05:03:40
24,175.78,2025-04-05 05:03:40
24,175.78,2025-04-05 05:03:40
43,31.65,2025-04-05 05:03:41
43,31.65,2025-04-05 05:03:41
24,176.86,2025-04-05 05:03:41
24,176.86,2025-04-05 05:03:41
43,32.71,2025-04-05 05:03:42
43,32.71,2025-04-05 05:03:42
24,177.92,2025-04-05 05:03:42
24,177.92,2025-04-05 05:03:42
43,33.67,2025-04-05 05:03:43
43,33.67,2025-04-05 05:03:43
24,178.89,2025-04-05 05:03:43
24,178.89,2025-04-05 05:03:43
43,34.72,2025-04-05 05:03:44
43,34.72,2025-04-05 05:03:44
24,179.93,2025-04-05 05:03:44
24,179.93,2025-04-05 05:03:44
43,35.70,2025-04-05 05:03:45
43,35.70,2025-04-05 05:03:45
24,180.92,2025-04-05 05:03:45
24,180.92,2025-04-05 05:03:45
43,36.68,2025-04-05 05:03:46
43,36.68,2025-04-05 05:03:46
24,181.90,2025-04-05 05:03:46
24,181.90,2025-04-05 05:03:46
24,182.85,2025-04-05 05:03:47
24,182.85,2025-04-05 05:03:47
24,183.55,2025-04-05 05:03:48
24,183.55,2025-04-05 05:03:48
24,184.17,2025-04-05 05:03:48
24,184.17,2025-04-05 05:03:48
24,184.78,2025-04-05 05:03:49
24,184.78,2025-04-05 05:03:49
24,185.38,2025-04-05 05:03:50
24,185.38,2025-04-05 05:03:50
24,186.01,2025-04-05 05:03:50
24,186.01,2025-04-05 05:03:50
24,186.63,2025-04-05 05:03:51
24,186.63,2025-04-05 05:03:51
24,187.31,2025-04-05 05:03:52
24,187.31,2025-04-05 05:03:52
24,187.92,2025-04-05 05:03:52
24,187.92,2025-04-05 05:03:52
24,188.53,2025-04-05 05:03:53
24,188.53,2025-04-05 05:03:53
24,189.13,2025-04-05 05:03:53
24,189.13,2025-04-05 05:03:53
24,189.74,2025-04-05 05:03:54
24,189.74,2025-04-05 05:03:54
24,190.42,2025-04-05 05:03:55
24,190.42,2025-04-05 05:03:55
24,191.01,2025-04-05 05:03:55
24,191.01,2025-04-05 05:03:55
24,191.62,2025-04-05 05:03:56
24,191.62,2025-04-05 05:03:56
24,192.21,2025-04-05 05:03:57
24,192.21,2025-04-05 05:03:57
24,192.83,2025-04-05 05:03:57
24,192.83,2025-04-05 05:03:57
24,193.55,2025-04-05 05:03:58
24,193.55,2025-04-05 05:03:58
24,194.16,2025-04-05 05:03:58
24,194.16,2025-04-05 05:03:58
24,194.76,2025-04-05 05:03:59
24,194.76,2025-04-05 05:03:59
47,10.01,2025-04-05 05:04:00
47,10.01,2025-04-05 05:04:00
24,195.39,2025-04-05 05:04:00
24,195.39,2025-04-05 05:04:00
47,11.07,2025-04-05 05:04:01
47,11.07,2025-04-05 05:04:01
24,196.46,2025-04-05 05:04:01
24,196.46,2025-04-05 05:04:01
47,12.16,2025-04-05 05:04:02
47,12.16,2025-04-05 05:04:02
24,197.54,2025-04-05 05:04:02
24,197.54,2025-04-05 05:04:02
47,13.15,2025-04-05 05:04:03
47,13.15,2025-04-05 05:04:03
24,198.53,2025-04-05 05:04:03
24,198.53,2025-04-05 05:04:03
47,14.12,2025-04-05 05:04:04
47,14.12,2025-04-05 05:04:04
24,199.50,2025-04-05 05:04:04
24,199.50,2025-04-05 05:04:04
47,15.15,2025-04-05 05:04:05
47,15.15,2025-04-05 05:04:05
24,200.53,2025-04-05 05:04:05
24,200.53,2025-04-05 05:04:05
47,16.11,2025-04-05 05:04:06
47,16.11,2025-04-05 05:04:06
24,201.49,2025-04-05 05:04:06
24,201.49,2025-04-05 05:04:06
47,17.05,2025-04-05 05:04:07
47,17.05,2025-04-05 05:04:07
24,202.44,2025-04-05 05:04:07
24,202.44,2025-04-05 05:04:07
47,18.09,2025-04-05 05:04:08
47,18.09,2025-04-05 05:04:08
24,203.47,2025-04-05 05:04:08
24,203.47,2025-04-05 05:04:08
50,10.92,2025-04-05 05:04:09
50,10.92,2025-04-05 05:04:09
47,19.09,2025-04-05 05:04:09
47,19.09,2025-04-05 05:04:09
24,204.47,2025-04-05 05:04:09
24,204.47,2025-04-05 05:04:09
50,12.27,2025-04-05 05:04:10
50,12.27,2025-04-05 05:04:10
47,20.44,2025-04-05 05:04:10
47,20.44,2025-04-05 05:04:10
24,205.82,2025-04-05 05:04:10
24,205.82,2025-04-05 05:04:10
50,13.60,2025-04-05 05:04:11
50,13.60,2025-04-05 05:04:11
47,21.76,2025-04-05 05:04:11
47,21.76,2025-04-05 05:04:11
24,207.15,2025-04-05 05:04:11
24,207.15,2025-04-05 05:04:11
50,14.98,2025-04-05 05:04:13
50,14.98,2025-04-05 05:04:13
47,23.15,2025-04-05 05:04:13
47,23.15,2025-04-05 05:04:13
24,208.53,2025-04-05 05:04:13
24,208.53,2025-04-05 05:04:13
50,16.36,2025-04-05 05:04:14
50,16.36,2025-04-05 05:04:14
47,24.53,2025-04-05 05:04:14
47,24.53,2025-04-05 05:04:14
24,209.91,2025-04-05 05:04:14
24,209.91,2025-04-05 05:04:14
47,25.88,2025-04-05 05:04:16
47,25.88,2025-04-05 05:04:16
24,211.26,2025-04-05 05:04:16
24,211.26,2025-04-05 05:04:16
47,26.85,2025-04-05 05:04:17
47,26.85,2025-04-05 05:04:17
24,212.24,2025-04-05 05:04:17
24,212.24,2025-04-05 05:04:17
47,27.84,2025-04-05 05:04:18
47,27.84,2025-04-05 05:04:18
24,213.22,2025-04-05 05:04:18
24,213.22,2025-04-05 05:04:18
47,28.90,2025-04-05 05:04:19
47,28.90,2025-04-05 05:04:19
24,214.28,2025-04-05 05:04:19
24,214.28,2025-04-05 05:04:19
56,10.80,2025-04-05 05:04:20
56,10.80,2025-04-05 05:04:20
47,29.89,2025-04-05 05:04:20
47,29.89,2025-04-05 05:04:20
24,215.28,2025-04-05 05:04:20
24,215.28,2025-04-05 05:04:20
56,12.12,2025-04-05 05:04:21
56,12.12,2025-04-05 05:04:21
47,31.21,2025-04-05 05:04:21
47,31.21,2025-04-05 05:04:21
24,216.59,2025-04-05 05:04:21
24,216.59,2025-04-05 05:04:21
56,13.52,2025-04-05 05:04:22
56,13.52,2025-04-05 05:04:22
47,32.60,2025-04-05 05:04:22
47,32.60,2025-04-05 05:04:22
24,217.99,2025-04-05 05:04:22
24,217.99,2025-04-05 05:04:22
56,14.89,2025-04-05 05:04:24
56,14.89,2025-04-05 05:04:24
47,33.98,2025-04-05 05:04:24
47,33.98,2025-04-05 05:04:24
24,219.36,2025-04-05 05:04:24
24,219.36,2025-04-05 05:04:24
56,16.47,2025-04-05 05:04:25
56,16.47,2025-04-05 05:04:25
47,35.56,2025-04-05 05:04:25
47,35.56,2025-04-05 05:04:25
24,220.94,2025-04-05 05:04:25
24,220.94,2025-04-05 05:04:25
56,18.07,2025-04-05 05:04:27
56,18.07,2025-04-05 05:04:27
47,37.16,2025-04-05 05:04:27
47,37.16,2025-04-05 05:04:27
24,222.54,2025-04-05 05:04:27
24,222.54,2025-04-05 05:04:27
56,19.40,2025-04-05 05:04:28
56,19.40,2025-04-05 05:04:28
47,38.49,2025-04-05 05:04:28
47,38.49,2025-04-05 05:04:28
24,223.87,2025-04-05 05:04:28
24,223.87,2025-04-05 05:04:28
56,20.83,2025-04-05 05:04:30
56,20.83,2025-04-05 05:04:30
47,39.92,2025-04-05 05:04:30
47,39.92,2025-04-05 05:04:30
24,225.30,2025-04-05 05:04:30
24,225.30,2025-04-05 05:04:30
56,22.18,2025-04-05 05:04:31
56,22.18,2025-04-05 05:04:31
47,41.27,2025-04-05 05:04:31
47,41.27,2025-04-05 05:04:31
24,226.65,2025-04-05 05:04:31
24,226.65,2025-04-05 05:04:31
56,23.59,2025-04-05 05:04:32
56,23.59,2025-04-05 05:04:32
47,42.68,2025-04-05 05:04:32
47,42.68,2025-04-05 05:04:32
24,228.06,2025-04-05 05:04:32
24,228.06,2025-04-05 05:04:32
56,24.92,2025-04-05 05:04:34
56,24.92,2025-04-05 05:04:34
47,44.01,2025-04-05 05:04:34
47,44.01,2025-04-05 05:04:34
24,229.39,2025-04-05 05:04:34
24,229.39,2025-04-05 05:04:34
56,26.33,2025-04-05 05:04:35
56,26.33,2025-04-05 05:04:35
47,45.42,2025-04-05 05:04:35
47,45.42,2025-04-05 05:04:35
24,230.80,2025-04-05 05:04:35
24,230.80,2025-04-05 05:04:35
56,27.69,2025-04-05 05:04:36
56,27.69,2025-04-05 05:04:36
47,46.78,2025-04-05 05:04:36
47,46.78,2025-04-05 05:04:36
24,232.16,2025-04-05 05:04:36
24,232.16,2025-04-05 05:04:36
56,29.12,2025-04-05 05:04:38
56,29.12,2025-04-05 05:04:38
47,48.21,2025-04-05 05:04:38
47,48.21,2025-04-05 05:04:38
24,233.59,2025-04-05 05:04:38
24,233.59,2025-04-05 05:04:38
56,30.44,2025-04-05 05:04:39
56,30.44,2025-04-05 05:04:39
47,49.53,2025-04-05 05:04:39
47,49.53,2025-04-05 05:04:39
24,234.91,2025-04-05 05:04:39
24,234.91,2025-04-05 05:04:39
56,31.90,2025-04-05 05:04:41
56,31.90,2025-04-05 05:04:41
24,236.37,2025-04-05 05:04:41
24,236.37,2025-04-05 05:04:41
56,32.89,2025-04-05 05:04:42
56,32.89,2025-04-05 05:04:42
24,237.36,2025-04-05 05:04:42
24,237.36,2025-04-05 05:04:42
56,33.93,2025-04-05 05:04:43
56,33.93,2025-04-05 05:04:43
24,238.40,2025-04-05 05:04:43
24,238.40,2025-04-05 05:04:43
56,34.92,2025-04-05 05:04:44
56,34.92,2025-04-05 05:04:44
47,54.01,2025-04-05 05:04:44
47,54.01,2025-04-05 05:04:44
24,239.39,2025-04-05 05:04:44
24,239.39,2025-04-05 05:04:44
56,36.30,2025-04-05 05:04:45
56,36.30,2025-04-05 05:04:45
47,55.38,2025-04-05 05:04:45
47,55.38,2025-04-05 05:04:45
24,240.77,2025-04-05 05:04:45
24,240.77,2025-04-05 05:04:45
56,37.62,2025-04-05 05:04:46
56,37.62,2025-04-05 05:04:46
47,56.71,2025-04-05 05:04:46
47,56.71,2025-04-05 05:04:46
24,242.09,2025-04-05 05:04:46
24,242.09,2025-04-05 05:04:46
56,39.00,2025-04-05 05:04:48
56,39.00,2025-04-05 05:04:48
24,243.47,2025-04-05 05:04:48
24,243.47,2025-04-05 05:04:48
56,39.97,2025-04-05 05:04:49
56,39.97,2025-04-05 05:04:49
24,244.44,2025-04-05 05:04:49
24,244.44,2025-04-05 05:04:49
56,41.01,2025-04-05 05:04:50
56,41.01,2025-04-05 05:04:50
24,245.48,2025-04-05 05:04:50
24,245.48,2025-04-05 05:04:50
56,41.98,2025-04-05 05:04:51
56,41.98,2025-04-05 05:04:51
24,246.45,2025-04-05 05:04:51
24,246.45,2025-04-05 05:04:51
56,42.94,2025-04-05 05:04:52
56,42.94,2025-04-05 05:04:52
24,247.41,2025-04-05 05:04:52
24,247.41,2025-04-05 05:04:52
56,43.90,2025-04-05 05:04:53
56,43.90,2025-04-05 05:04:53
24,248.37,2025-04-05 05:04:53
24,248.37,2025-04-05 05:04:53
56,44.93,2025-04-05 05:04:54
56,44.93,2025-04-05 05:04:54
24,249.40,2025-04-05 05:04:54
24,249.40,2025-04-05 05:04:54
56,45.90,2025-04-05 05:04:55
56,45.90,2025-04-05 05:04:55
24,250.38,2025-04-05 05:04:55
24,250.38,2025-04-05 05:04:55
56,46.88,2025-04-05 05:04:56
56,46.88,2025-04-05 05:04:56
24,251.35,2025-04-05 05:04:56
24,251.35,2025-04-05 05:04:56
56,47.97,2025-04-05 05:04:57
56,47.97,2025-04-05 05:04:57
24,252.44,2025-04-05 05:04:57
24,252.44,2025-04-05 05:04:57
56,48.92,2025-04-05 05:04:58
56,48.92,2025-04-05 05:04:58
24,253.39,2025-04-05 05:04:58
24,253.39,2025-04-05 05:04:58
